ABL	na	PPM1B	PRKD1	ZAP70	MET	PKD1
ABL1	na	ZAP70	MET	GRB2	TP73	CDKN1B	RAD9A	WASL	PRKD1	ACAP2	MUC1	CDK5	ANXA1	DOK1	CD19	CBL	EMB	PXN	CRKL	GPX1	PTPN6	JUN	PSTPIP1	WASF2	BCR	CASP9	MYOD1	RAD51	CAV1	BTK	CRK	LASP1	JAK2	PLSCR1	DCX	PLSCR4	RAD52	RIN1	ABL1	DAB1	MAPT	MAP4K1	PKP4	EGFR	APBB1	CAT	TOP1	YAP1	NFKBIA	MDM2
ABL2	na	SIVA1	CAT	CRK	GPX1	NFKBIB
ACVR1	na	SMAD1
ACVR1B	na	SMAD2
ADRBK1	na	OPRD1	HRH1	MC4R	BDKRB2	ADRA2A	RPLP2	EZR	FPR1	ADRB2	PDE6G	SNCA	PDGFRB	OPRM1	TUBB3
ADRBK2	na	CCR5	OPRK1	BDKRB2	OPRM1
AKT1	na	FOXO4	FOXO3	EZH2	FOXO1	CDK2	WNK1	BRAF	CASP9	STK4	AKT1S1	YAP1	RPS3P2	C11orf30	YWHAZ	WEE1	EIF4EBP1	GSK3A	GSK3B	TRA2B	CDC2L5	PLCB3	MST1	MDM4	EIF4B	PKMYT1	FLNA	PFKFB2	DLGAP2	SH2B2	ATXN1	METTL1	HAND1	MAP3K11	MAP2	IRS1	YBX1	IRS2	GAB2	GATA1	IRAK1	MST1R	PEA15	SYN1	CREB1	S1PR1	NOS3	AR	NFATC2	CCDC88A	NR4A1	ADRB2	FRAP1	MDM2	MAP3K5	CDKN1B	CDKN1A	ESR1	SMARCC2	SMARCC1	PRKD1	THRA	FAS	SFRS16	BRCA1	MAP3K8	SFRS18	MAP3K3	PDCD4	PRICKLE3	RAF1	RYR2	PTPN1	CHUK	AKT1	BAD	PTPN12	NEDD4L	GTF3C1	UBN1	PTEN	TERT	LBR	ITGB3	SFRS2	PDE3B	SFRS7	MTOR	TP53RK	LMO7	ITSN1	MAP2K4	PPARGC1B	XIAP	SRRM2	LMNA	MYT1	SAP30	FANCA	PPP1R1A	MAP1S	PAK1	DLC1	OPRM1	HMOX1	TSC2	NCF4	TJP2	HTT	EP300	FUSIP1	RAC1	EEF2K	GATA2	PRKAA2	CHEK1
AKT2	na	CASKIN1	XIAP	CHUK	MAP3K5	EZR	FOXO4	ESR1	KIAA1244	ZFP106	AKT1S1	SIK2
ALK	na	ALK	STAT3	SYP	ZC3HC1	NPM1	PTPN11
ATM	na	HMGA1	WDHD1	GAP43	RPS6	NASP	SLC4A1	ATF2	TOPBP1	ANAPC5	VPS72	F5	RAD50	NFAT5	SYN1	EIF4EBP1	PSEN2	ATM	NBN	CFTR	MDM4	MDM2	IKBKG	SRF	IKBKB	TPR	TERF1	PPP1R2	CTNNB1	CHEK2	CHEK1	NFE2L2	WRN	XPA	ABLIM1	STXBP1	EPB41L3	EPN2	CREB1	LAT	MAZ	GABRB2	NFKB2	TP53BP1	FANCD2	SMC1A	SSTR3	LASP1	MRE11A	RPA2	BSN	ADRB2	TCEB3	THRAP3	RAD9A	TP53	PRKD1	SAPS3	KLF1	SFRS16	BRCA1	TAOK1	PRPF4B	RYR2	SMC3	PPL	E2F1	AKT1	RBBP8	RAD17	PRKDC	SPTBN1	ABL1	SFRS8	PTEN	ITGB2	DCLRE1C	VIM	MATR3	SNAPIN	CDS1	CLASP1	CANX	CACNB2	LIG4	SRRM2	LMNA	PPP1CB	POP1	JUN	ERBB2IP	HSP90AA1	STK11	CDC25A	LIPE	H2AFX	PAPOLB	DCX	RIMS1	MLLT4	PLEC1	BLM	NR3C1	MAGED2
ATR	na	MCM2	RAD17	ATRIP	BRCA1	CHEK2	CHEK1	CDS1	ATM	XPA	TP53	E2F1	MARCKSL1	TREX1	CREB1	PRKDC	MDM2
AURKA	na	AURKA	HIST2H3C	RALA	LATS2	BRCA1	NDEL1	CENPA	CDC25B	HIST1H3J	PLK1	TP53	DLGAP5	MBD3	ADRB2	CPEB1	TACC3
AURKB	na	H3F3B	AURKB	INCENP	HIST1H3B	AIM1	CENPA	HIST1H3J	BIRC5	KIF2C	ATP2A2	NSUN2	SEPT1	GFAP	VIM	KIF23	MYL9	RACGAP1	DES
AXL	na	AXL
BACE2	na	APP
BCKDK	na	BCKDHA	BCKDK
BCR	na	FAS	MLLT4	YWHAQ	YWHAZ
BLK	na	FCGR2B	FCGR2A
BMPR1A	na	SMAD1
BMPR1B	na	SMAD1	STAMBP
BMX	na	PIM1	RUFY1
BRAF	na	BRAF	MAP2K2	MAP2K1
BRPS6KA1	na	BRPS6KA1	CDC25B	CDC25C	WEE1
BRSK1	na	CDC25B	CDC25C	WEE1
BTK	na	ITK	PLCG2	DOK2	GTF2I	STAT5A	WAS	CD19	BMX	PXN	EMB	EFS	BCAR1	BTK	TEC	DAPP1
BUB1	na	CDC20
CAMK1	na	ACACA	KRT18	PLN	EP300	EIF4G3	HDAC4	HDAC5	NOS1	CAMKK1	CAMK4	ATF1	SYN1	CAMK1
CAMK1D	na	ACACA	CAMK1	EP300
CAMK1G	na	ACACA	CAMK1	EP300
CAMK2	na	MYLK	TH	PLA2G4A
CAMK2A	na	SRF	CEBPB	PLN	GRIN2B	ATP2A2	SYNGAP1	ITGB1BP1	GFAP	IL6ST	HSF1	DLG1	PDC	QDPR	GRIA1	MAPT	NOS1	CREB1	GABRB1	VPS72	RYR2	HRH1	ERBB2	GRIN2A	CAMK2A	KRT18	SMAD2	YWHAB	CFL2	TH	ITPKA	CAMK4	PLA2G4A	KCND2	ETS1	EGFR	PPP1R14A	GABRG2	LRRC7	ALOX5	PLEC1	ADCY3	CHAT	PEA15	PLCB3	MYOG	CLCN3	VIM	FLNA	KRT8
CAMK2B	na	CEBPB	ATP2A2	GFAP	HSF1	GRIN2B	QDPR	GRIA1	CREB1	VPS72	DLG1	GRIN2A	KRT18	CAMK2B	CFL2	TH	COL4A3	ETS1	KCND2	PPP1R14A	ADCY3	PEA15	PLCB3	FLNA	KRT8
CAMK2D	na	CEBPB	ATP2A2	GFAP	DLG1	QDPR	GRIA1	CREB1	VPS72	HSF1	KRT18	CAMK2D	YWHAB	CREM	TH	CFL2	KCND2	PPP1R14A	ADCY3	PEA15	PLCB3	VIM	FLNA	KRT8
CAMK2G	na	DLG1	CEBPB	ATP2A2	GFAP	SPR	MYLK	GRIA4	QDPR	RRAD	GRIA1	ATF1	SYN1	CREB1	KRT18	STAT1	HSF1	VPS72	CAMK2G	CFL2	TH	CREM	KCND2	EGFR	PPP1R14A	RYR1	ADCY3	CHAT	PEA15	PLCB3	FLNA	KRT8
CAMK4	na	CREB1	PLN	EP300	HDAC4	HDAC5	NOS1	CAMK4	CREBBP	CAMK1	SPR
CAMKK1	na	CAMK4	CAMK1D	PASK	PRKAA1	AKT1
CAMKK2	na	CAMK4	PRKAA1	CAMK1
CCNB1	na	KAT5	PBK	MEF2C
CD45	na	LCK	FYN	SLK
CDC2	na	FADD	KIF11	HSPB8	ORC1L	GJA1	FUT11	CASP9	PRDX1	BIRC5	PLXNA2	STAT3	MLL	NES	KIF1B	SQSTM1	MAPK8IP1	MAPK8IP3	NDE1	KHDRBS1	DNM1L	DES	MCM3	DMAP1	SRC	IKBKB	MCM4	CNOT4	DBN1	IRS1	BIN1	IRS2	ODF2	GRIN2A	RPRD1B	JUND	JUNB	SNRNP70	ABLIM1	NDEL1	BAG3	EPN1	FIP1L1	LAT	DUSP1	LCP2	RPS6KA4	RPS6KA3	CTNNA2	GABBR1	PITPNM1	RAB5B	PARD3	KCNB1	LIMD1	NF1	INCENP	ZNF295	DYNC1LI1	ESR1	EEF2	MAPK10	NCOA3	MEF2C	NCOA1	ZFP36	KDM5A	PRPF4B	PKN1	PKN2	WHSC2	AMPH	EEF1D	CHTF18	LEF1	USP20	TH	TMPO	KIF22	SMARCAD1	CASKIN1	EGFR	IL16	POM121	CIC	MED1	IFNAR2	CTR9	UBE2A	C9orf5	PPP1CA	CDC7	DAB1	SPEN	MAPK8	TK1	SPAST	PDLIM4	MLLT4	BLM	PKP4	PHF12	HMGA2	HMGA1	GRB10	MUC1	ESRRA	NASP	NCL	DDIT3	DDX3X	ANAPC4	CACNA1G	ANAPC1	C4orf8	ASPH	TOP2A	RB1	ZFPM1	EIF4EBP1	SREBF1	TRA2B	CACNG2	PHC3	SIRT2	RARA	ARHGEF12	CSNK2B	TAF2	CDC2	FLNA	FGFR1OP	RBM6	NOLC1	ERBB2IP	TAF3	ZHX1	RAP1GAP	POLR2A	RAB4A	SRRT	SNTA1	PCTK1	BCR	KDM6A	SPIB	SFRS16	NCAM1	ITPR1	HELB	PCYT1A	ESPL1	RPS6KB1	PPP4R2	SCML2	CDC5L	NPM1	DHX9	BRCA1	SFRS18	CALD1	CEP55	SMTN	KRT18	MYB	MYC	CSNK2A1	GRM5	ABL1	MAP4K4	TRERF1	LBR	TP73	BUB1	MYBBP1A	PIK3C2A	LGTN	GBF1	MAP2K1	SRRM1	MN1	PPP1R1A	MAP1S	NFIB	MAP1B	BCLAF1	OSBPL11	SCN4A	ASXL2	HOMEZ	FUBP1	CEBPB	DUT	SGTA	PAK1IP1	FOSL2	LMNB2	LMNB1	TLE3	LATS1	ID2	DIDO1	DPYSL2	MLL4	ABCB9	SLC9A1	RERE	WEE1	CDC16	DDX42	CDC2L5	HIST1H1A	UBA1	NFRKB	POU2F1	SORBS1	MAP4	MKI67	MAP2	AURKA	POGZ	ADD1	MYOD1	ECT2	GYS1	ANLN	SOS1	WRNIP1	RRM2	MAPT	CBFA2T2	CCNT2	MARCKS	GOLGA2	TCF20	RAD9A	UNC13B	SMARCC2	SMARCC1	SF3B1	PBK	SNAP91	EP400	CUX1	TSC1	PI4KB	PCLO	PRDM2	COASY	PTHLH	E2F1	STMN1	STMN2	PTK2	CTTN	SFRS8	SFRS9	ADCY6	SFRS2	SFRS5	PALM	CRYAA	SON	CANX	CACNB2	LMNA	TNFRSF1B	CXADR	KLF16	PAK1	EVPL	PAK7	PAK6	DCX	PLEC1	FZR1	BCL7C	RPAP1	HNRNPK	HNRNPD	BCL2L11	ELF1	TCOF1	BPTF	AKT1S1	C11orf30	HNRNPUL1	CREM	GIGYF2	IREB2	NR5A1	SSBP4	CHAF1B	EXO1	CTPS	CACNB4	UBR1	EPS15	NEUROD1	ZNF516	PPARGC1A	CDC23	CDC20	GRSF1	FANCG	ZYX	PPP1R1B	NUP210	CHEK1	NUP214	EPB41L1	EPB41L2	SYN3	SYN1	PRKAB1	DHX29	NFATC3	NFATC2	SIRT1	PTBP2	TP53BP1	CDC25A	ANK1	ANK2	RPA2	MEF2A	FEN1	SKIV2L	NOTCH2	PPFIA3	PPFIA1	NCOR2	TP53	ACLY	USP19	PHACTR1	ZEB1	CRKL	AAK1	MAPKAPK2	PTPN2	PTPN1	CDK7	KDM4B	RBBP8	BAD	RBBP6	DNM1	SNW1	SPTBN1	PTTG1	VIM	APLP2	FOXM1	PCDH1	ISL2	KAT5	RCC1	GFAP	STUB1	MYBL2	NSFL1C	RANGAP1	CDC27	FLII	RXRA	KIF20B	APBA2	NEFH	RANBP2	CDC25B	CDC25C	TSSC4	ATN1	NCK2	DDX23	ZNF335	CHEK2	KRT8
CDC42BPA	na	SRC	ARHGEF2	IL1R1	CDC25B	SRRM2	MYL2	PPP1R12C	CIITA	LIMK2	LIMK1
CDC7	na	MCM2
CDK2	na	API5	FMN2	E2F5	KIF11	ORC1L	MGMT	JPH1	CASP9	BIRC5	EPB49	CLASP2	STAT3	RBL2	BCL9	MLL	EIF3C	EIF3B	NES	SQSTM1	MAPK8IP1	SART1	DAXX	KHDRBS1	EIF4B	DES	MCM2	SRC	MCM4	PSMD1	ATXN7	SMARCA5	BIN1	IRS2	MECP2	ABLIM1	ABLIM2	STXBP1	EIF2B5	BCR	CCND1	RPS6KA4	RPS6KA1	BCL2L11	SYAP1	BAZ2A	TPD52L2	ARHGAP12	CDKN1B	CDKN1A	DYNC1LI1	ESR1	DYNC1LI2	DLGAP2	DLGAP1	MEF2D	MAPK12	NCOA1	ZFP36	KDM5A	PRPF4B	KDM5C	AMPH	PCIF1	CAST	HSF1	CUL4B	EIF4ENIF1	USP24	PPARA	TH	KIF22	SMARCAD1	CASKIN1	PEPD	EGFR	C21orf66	CIC	MED1	RBL1	SEC24B	REST	UBTF	DEAF1	UBE2A	RBM39	MSH6	PPP1CB	PPP1CA	JUN	CDC7	CDC6	DAB2	PRKAR1A	MAPK4	TK1	RIMS1	FOS	PKP4	COIL	CCNA2	PHF16	HMGA1	BAT2	BAT3	CDKN2D	RUNX1	EIF5B	RNMT	USP6NL	CACNA1E	PPIG	TSPYL2	RB1	CDX2	TRA2B	H1FX	AHNAK	FBXO4	PLCB1	MDM2	FGFR1OP	NOLC1	MAP3K11	MLF2	PSEN1	ZHX3	PRC1	RAP1GAP	POLR2A	FNBP4	UBE2E3	GFPT1	KDM6A	PCBP1	STAT5B	ETS2	SLBP	NCAM1	RBMX	PUM2	THRAP3	ATRIP	PCYT1A	PCYT1B	RPS6KB1	SCML2	CCNE1	NPM1	SFRS16	BRCA1	SFRS15	GTF2F1	PRICKLE3	CALD1	TOPORS	STX7	SMAD3	SMAD2	SMAD4	MYB	RRBP1	SMC4	SOX11	ZMYM2	GTF3C1	SIN3A	MAP4	MAP4K1	LBR	ZNF217	TTK	TP73	MCM3AP	IRS1	HIRA	WTAP	LMO7	SRRM1	SRRM2	NR1D1	TERF2IP	SAP30	PSMA5	PPP1R1B	MAP1A	NFIC	MAP1B	BCLAF1	MYC	CCNK	PLA2G4A	MSL3	CP110	CEBPB	DUT	RAPGEF6	FOSL2	LMNB1	TLE3	POLA1	ID3	ID2	NDEL1	ARID4B	MYCN	RCAN1	SLC9A1	CCDC6	CBLC	DDX42	AKAP1	CDC2L2	CDC2L5	HIST1H1B	HIST1H1D	SHANK2	ATRX	NCK2	MKI67	MAP2	GJC2	C14orf4	ADD2	SYNPO	SPAG9	ADD1	AFF1	CAMK2D	CAMK2G	MYOD1	GYS1	SOS1	ELK3	ELK1	SLCO4A1	MAPT	FZR1	UBE4B	MARCKS	AP2A1	SLC20A1	SF3B1	BRD3	BRD2	EIF4G2	BRD4	TAL2	PRKCB	TSC1	SOX4	PCLO	DDIT3	PTHLH	E2F1	IFI16	PDS5B	STMN1	STMN2	CTTN	BCL2	HDAC6	TCF3	SFRS2	CTDP1	SFRS6	SFRS7	PALM	CRYAB	NSUN5	MKNK2	PGR	LMNA	TLK1	TLK2	PAK1	SNX26	ANAPC1	COBL	DCX	ZMYM3	TJP2	NCF1	UBQLN2	PLEC1	BCL7C	RPAP1	EZH2	MTA1	AXIN1	CREBBP	RPS3	RBM14	BSN	AKT1S1	SF1	MAD1L1	ZC3HAV1	SIPA1	SNPH	ZMYND8	SMARCC1	NEUROD1	PPARGC1A	CDC27	MAP1S	USP5	EPB41L1	SYN1	NFATC3	NFATC2	SH3KBP1	SRRT	TP53BP1	SGK1	ANK1	ANK2	RPA2	NOTCH2	ADCY9	PPFIA1	NCOR1	SEPT5	TP53	DCLK1	ACLY	NFYA	ADD3	RREB1	AAK1	MAPKAPK2	PTPN2	CHD4	UNG	XRN2	CHD3	CDK7	CDK2	RBBP6	TACC3	DNM1	SNW1	SPTBN1	PTTG1	RAD18	TNKS1BP1	CSDA	FOXM1	RAPH1	HIRIP3	ADAM17	MYBL2	RANGAP1	POP1	RXRA	NEFH	RANBP2	CDC25A	MARK1	ATN1	MOBP	TFAP4	DDX20	ERCC5	ARID1A
CDK3	na	KCTD15	YLPM1	SLC4A10	CDK3	GLCCI1	C9orf82	KIR3DL1	CABLES1
CDK4	na	RBL1	RBL2	CEBPA	SMAD3	UBTF	RB1
CDK5	na	SRC	STAT3	TP53	PCTK1	MAPK10	CASK	PPP1R1B	MAP2K1	PPP1CA	NDEL1	STXBP1	STXBP2	AMPH	SYN1	PTPN2	PPP1R9B	DAB1	WASF1	MEF2A	ERBB3	PPP1R1A	GRIN2A	PAK1	CACNA1C	CDK5	PPP1R2	TH	NES	SUDS3	NTRK2	DNM1	DCX	PTK2	EZR	PSEN1	MAPT	ADRB2	PIP5K1C	APP
CDK6	na	CDKN1A	RBL2	CTNNB1	CEBPA
CDK7	na	MCM2	PCGF6	ICK	TP53	POU2F1	CDK7	CDK4	ESR1	E2F1	RARA	CDK2	CDK6	LASP1	CDC2
CDK9	na	POLR2A	CDK9	TP53
CHEK1	na	CLSPN	MCM4	TLK1	TP73	CDC25B	CDC25C	PPP2R5D	CDC25A	TP53	RAD51	CSNK2B	MDM4
CHEK2	na	AATF	BRCA1	CHEK2	CDS1	CDC25C	CDC25A	TP53	E2F1	MDM4
CHUK	na	NCOA3	IKBKB	PIAS1	NCOR2	NFKB1	CCND1	RELA	NFKB2	NFKBIB	NFKBIA
CLK1	na	C9orf78	PRICKLE2	LBR	PTPN1
CLK2	na	PTPN1
CRKRS	na	CRKRS
CSF1R	na	PTK2	FLT3	HCLS1	VAV2	SKAP2	MAP4K1	IRS1	CSF1R
CSK	na	SRC	MAPK15	RGS16	LCK	YES1	HCK	PXN	PTPRC	SLK	CSK	FYN	GSN	FGR	LYN
CSNK1A1	na	APC	FADD	ATP1A1	FOXO1	KCNIP3	HIRIP3	PDCL3	TP53	DLGAP4	SAT1	DLGAP2	IRS1	SON	FAS	CTNNB1	PRG4	BSN	LEMD3	SLC18A2	HNRNPC	CDCA7	SLC4A1	BLK	TNK2	DPF2	EPB41L3	DAGLA	EIF2B5	PCLO	NFATC3	CASQ1	PARK2	NEFM	BID	CDK5	RPS6KA4	SNCA	STON1	RPS6KA1	YWHAZ	AKT2	YWHAQ	ARID3A	RTF1	CREM	CAPN1	BACE1	CSNK1E	SLC24A2	ENAM	PSEN2	TNF	TNKS1BP1	CLTB	CSN2	PPP1R1B	LGALS3	NEK6	HDAC1
CSNK1A1L	na	CSNK1E	NFATC3	PSEN2	APC	SLC18A2	CDK5	TP53	BID	YWHAQ	CTNNB1
CSNK1D	na	IKBKG	SRF	HELB	PIK3R1	FHOD1	GRLF1	PSEN2	ZAP70	CDH1	TP53	RHO	ZFP106	MAP2	CACNB4	MC1R	MEF2D	PER2	CTNNB1	CSNK1E	NCL	BTAF1	RFC1	VTN	MSH6	SLC18A2	ANXA9	SLC4A1	TGFBR2	AGAP2	OSR1	EPN2	C9orf78	NACC1	MGEA5	RBL1	NFATC3	C11orf30	RANBP2	BID	CDK5	AKAP12	SNCA	AKT1	SPIB	AKT3	CAV3	GJA1	YWHAQ	BACE1	TJP2	MRE11A	DHX16	PHF10	PRKDC	APC	PSEN1	MAPT	STAMBP	MAP1A	RTN2	NFKBIA	MDM2
CSNK1E	na	SLC39A7	PTPRC	DKC1	EIF5	PURB	C14orf133	CTNND1	BSN	HOXB6	SLC18A2	TCOF1	EPB49	EIF5B	SYNRG	PGRMC1	AVEN	VPS72	PPIG	EIF3B	YWHAZ	TOP2B	SNN	YWHAQ	GTF2A1	CDC16	KIF1B	PSEN2	HDGF	AHNAK	KIF21A	EIF4B	HTATSF1	SHANK2	TAF3	SNAI1	NDRG1	BRD3	SMARCA2	MFAP1	PER2	CTNNB1	PER1	CHEK2	OCLN	EPB41L3	MAX	EIF2B5	NFATC3	CAMK2A	NEFL	NFKB2	SFRS2IP	RPS6KA3	CDC34	CTNNA2	AP3B2	ANK2	G3BP1	HSP90AB1	RTN4	THRAP3	PDAP1	MGP	TP53	DLGAP2	DLGAP1	NPM1	SF3B2	EEF2	ABCF1	CSNK1E	STK4	PRPF4B	PKN2	TSGA14	NPR2	FPR1	MYB	BID	CDK5	TFIP11	MYL9	NACA	OSBP	APC	IGFBP1	LGALS3	GTSE1	PALM	VPS24	PRKAR2A	FGA	USP34	RRP12	SEMA5A	HDAC1	HDAC2	CLIP1	BAZ1B	SRRM1	SRRM2	ITIH2	PAK2	HSP90AA1	NEFM	ATN1	MAP1B	SAFB2	ROCK2	PER3	CASQ2	TJP2	RIMS1	CHRM2	PKP3	DDX24	SMN1	DDX21	ERCC5	KRT8
CSNK1G1	na	CTNNB1	NFATC3	FOXO1	SLC18A2	PSEN2	BID	CDK5	TP53	CSNK1E	APC	YWHAQ
CSNK1G2	na	NFATC3	CSNK1E	PSEN2	APC	SLC18A2	CDK5	TP53	DCLK1	BID	YWHAQ	CTNNB1
CSNK1G3	na	NFATC3	CSNK1E	PSEN2	APC	SLC18A2	CDK5	TP53	BID	YWHAQ	CTNNB1
CSNK2A1	na	STARD3NL	WAS	IFI16	CDH1	HNRNPA1	PTPRC	PTMA	SAT1	EIF5	HMGA1	NKX2-5	STC2	GAP43	HOXB7	UBE2R2	SLC18A2	HNRNPC	SLC4A1	ACCN3	ATF1	TSPY1	SLK	MYCN	VDR	GTF2A1L	VPS72	CREM	PPP1R2	CD5	PPP1R8	TOP2A	CABP1	IGF2R	WEE1	GTF2A1	EIF4EBP1	KIF1C	HIF1A	NOL3	C1R	EGR1	EIF2B5	CSNK2B	SP1	MCM2	SRF	UBA1	SPTBN1	ACACA	PSEN2	GABRR1	ANP32A	IRS1	TCF7L2	PKD2	MS4A1	HSPH1	CTNNB1	POLR2F	AIP	RNF7	OCLN	IGFBP3	TLE1	MAX	SSRP1	MAZ	SPP1	ACE	TNF	CDC25B	EIF2S2	BCR	FMR1	RELA	RNPS1	SNCA	SPIB	CDC34	CDC37	MEF2C	FKBP4	PTEN	FAF1	MYF5	ARRB2	HSP90AB1	GMFB	STX1A	PIK3R1	RPS6KB1	CDKN1B	TP53	ESR1	AQP4	THRA	SHOX	KLF1	BRCA1	MEF2A	VAMP4	PTPN1	BIK	DDIT3	ARNT	MYB	BID	SUB1	AKT1	BAD	ERH	CALM2	STMN1	GYS1	APEX1	SSB	PIP4K2A	IL16	HCLS1	ASCL1	CLTB	PPM1A	TCF4	CTDP1	LGALS3	NFKBIA	PTGES3	CAV1	HDAC1	HDAC2	HDAC3	CANX	HSF1	LIG1	PGR	RANGAP1	VTN	ABCA1	TFPI	XK	JUN	RGS19	CDC2	PSMA3	PPP1R1B	HSP90AA1	CDC25C	TEP1	L1CAM	SRPK1	HMOX2	MYC	PIN4	MAPK9	F5	CASQ2	SPI1	NCF1	PACS1	EEF1B2	HES6	GPI	RRAD	CCNH	F11R	XRCC1	ERCC3	STIP1
CSNK2A2	na	WAS	SLC39A7	CDH1	XPC	PTPRC	DKC1	PIK3R1	SAT1	HMGA1	FBXW7	ESRRA	GAP43	RBM10	HOXB7	RFC1	DIDO1	SLC18A2	HNRNPC	NCL	ZRANB2	TPM3	DDIT3	ATF1	STATH	MYCN	VDR	GTF2A1L	VPS72	PPIG	EIF3C	F5	PPP1R2	CD5	RERE	UTRN	TRIO	PPP1R8	TOP2A	CABP1	APEX1	GTF2A1	EIF4EBP1	KIF1C	MC1R	DDX46	C1R	EGR2	EGR1	SART1	MAZ	CBX3	CSNK2B	AKAP8	EIF4B	SP1	MCM2	UBA1	EPS15	IKBKB	GRLF1	TMX1	PSEN2	TAF2	DHX16	HDGF	ASGR2	IRS1	TCF7L2	THRA	HSPH1	MFAP1	CTNNB1	POLR2F	CRYBA4	RNF7	OCLN	SYNPO	ADD1	PTEN	MAX	EIF2S2	EIF2B5	ACACA	TNF	PA2G4	RPLP2	SSB	ARHGEF7	RELA	SFRS2IP	SNCA	SPIB	KIF21A	CDC34	CDC37	TJAP1	DPP3	RTF1	AP3B2	ANK2	FAF1	MYF5	ARRB2	CSN2	HSP90AB1	RNF113A	COTL1	GMFG	RTN4	STX1A	ANP32A	SLC12A2	PTMA	TP53	ESR1	DLGAP4	PKN2	AQP4	MS4A1	C9orf82	CAV1	PHLDB2	KLF1	MEF2C	STK4	PDCD5	VAMP4	MDN1	CST4	PPP1R9A	PTPN1	MRE11A	CHD1	UNC5D	BCKDHA	MYB	BID	AKAP12	TRRAP	STON1	KDM4B	IFI16	TFIP11	ERH	SPP1	NOP56	OSBP	CALM2	GYS1	NACA	PEPD	EGFR	SIN3A	IL16	C21orf66	MAP4K4	CLTB	IGFBP3	IGFBP1	CTDP1	LGALS3	NFKBIA	APLP2	RPS10	VPS24	PRKAR2A	IFNAR1	PCLO	USP34	AKT1S1	RRP12	HSP90AA1	HDAC1	HDAC2	CTR9	LGTN	LMO7	CANX	HSF1	LIG1	UBE2R2	TBK1	LTB4R	ERCC5	BAZ1B	PGR	VTN	MSH6	NEFL	XK	JUN	HLTF	RGS19	CDC2	PSMA3	ZFX	ZFY	CDC25B	NEFM	RPLP0	RPLP1	SLBP	L1CAM	MAPK3	XRCC5	CAV2	SAFB2	MYC	PIN4	HDLBP	CREM	CASQ2	NCF1	PACS1	CHGA	EEF1B2	XRCC1	GPI	RRAD	OPRM1	XRCC4	CCNH	PPP1R1B	MCRS1
CSNK2B	na	BRCA1	CTNNB1	NCF1	HOXB6	RNF7	OCLN	MME	TP53	USO1	EIF5	SRPK1	CSNK2B	CDC34	IRS1	BID	CTDP1	CD163
DAPK1	na	MYL12B	MCM3	BECN1	TP53	CAMKK2	STX1A	DAPK1
DAPK2	na	DAPK2	DAPK1	CAMKK2	STX1A
DAPK3	na	HIST1H3B	PPP1R14A	HIST1H3J	CDKN1A	CAMKK2	STX1A	DAPK3	RPL13A	MYL9	DAPK1	MDM2
DYRK1A	na	DNM1	SPRY2	CCNL2	FOXO1	SNCA	AMPH	SF3B1	DYRK1A
DYRK1B	na	CDKN1B	CCND1	CDKN1A	HNF1A	SF3B1	DYRK1B
DYRK2	na	EIF4EBP1	STAT3
DYRK3	na	CREB1	DYRK3
EEF2K	na	EEF2	EEF2K
EGFR	na	SCAMP3	SCAMP1	EPS15	IFNAR2	GRB2	HGS	FCGR2A	PTPRE	CTNND1	FYB	USP9X	MUC1	PLD2	ANXA1	EHD4	GAB1	CBL	CD33	PKIA	EIF1B	EPB41	RGS16	PTPN1	STAT1	PLCG2	ERBB2	PLCG1	RASA1	BCAR1	FGFR1	BCR	PABPC1	USP24	STAM2	EHD1	CD5	MPP6	MYL9	CRK	SYK	CALM3	CALM2	CALM1	KDR	STAT5B	EGFR	EZR	HCLS1	VAV2	ENAH	SH3BP2	NFKBIA	TEK	CDK6	TRIP4	ACTC1	PSMB4
EIF2AK1	na	EIF2S1	EIF2AK1
EIF2AK2	na	PPP2R5A	EIF2S1	EIF2A	TP53	NFKBIA	ADRB2	EIF2AK2
EIF2AK3	na	EIF2S1	EIF2A	EIF2AK3
EPHA2	na	EPHA2	CLDN4
EPHA3	na	EPHA3	STAT3
EPHA4	na	EPHA4
EPHA8	na	EPHA8
EPHB1	na	PXN	EPHB1
EPHB2	na	EPHB2	EFNB2	EFNB1	RRAS
EPHB4	na	SDC3
EPHB6	na	EPHB6
ERBB2	na	PDLIM1	DLG4	SEC24B	ERBB3	ERBB2	EGFR	EPHB2	PTPRE	NTRK1	TSC2	EPB41	IRS2	FYB
ERBB3	na	PKIA	HNRNPH1	ZNF24	TWF1	ANXA1
ERBB4	na	GAST	EGFR	SPRY4	ERBB4	TXNRD1
FAK	na	PTK2
FER	na	PECAM1	CTNNB1	CTTN	JUP	NSF	FER
FES	na	FES	FYN	BCR	NSF	PECAM1
FGFR1	na	FLG	CTTN	PLCG1	FGFR2	FGFR1	SH2D2A	SYNCRIP	RPS6KA3	BCAR1	FGR	FRS2
FGFR2	na	PLCG1
FGFR3	na	STAT3	STAT1	PLCG1	FGFR3	RPS6KA3	DYRK1A
FGFR4	na	STAT3	STAT1	PLCG1	FGFR4
FGR	na	PLD2	SRC	CSNK2A1	HCLS1	SNCA	FGR
FLT1	na	FLT1
FLT3	na	SHC1	FLT3
FLT4	na	SHC1
FYN	na	C14orf133	PIK3R1	SRC	RPS6KA3	SNCA	FCGR2A	HCK	SDC3	TOM1L1	PDGFRB	VCP	IGF1R	IRS1	CD79B	KIT	FGR	GRB10	CD79A	GTF2I	TXK	FLNA	PLD2	CTNNB1	JUP	PRKCD	CBL	ACP1	CNN1	CNN3	TNK2	ITSN2	SNX26	LDHA	LDHB	TGFB1I1	LPP	EPHB2	SLK	ERBB3	GRIN2B	DLG2	PTK2B	MST1R	C21orf59	AATK	SKAP2	SKAP1	CDK5	PTPN6	HSPA4	MAG	CTLA4	G6PD	CD247	CDK2	GAST	CAV1	SYK	MAPK14	SHC1	NMT1	LPXN	SLAMF1	MAP2	MAX	CD3G	ABL1	VAV2	CD5	LCK	CLTC	ITCH	PLCG2	PTPRF	CDK6	TYK2	FYN	ITPR1	FYB
GRK1	na	GRK1	RHO	CNR2	BDKRB2
GRK4	na	BDKRB2
GRK5	na	BDKRB2	SNCB	SNCA	SNCG	ADRB2	GRK5
GRK6	na	SNCA	LTB4R	GRK6	BDKRB2	SLC9A3R1
GSK3A	na	MCL1	CREB1	CTNNB1	CEBPA	MYLK	GSK3A	FOXO1	RCAN1	CCNE1	MKI67IP	CREM	TP53	CCND1	MAPT	TCEAL1	PRKAR2A	JUN	MYC	ACLY	EIF2B5	HSF1
GSK3B	na	FADD	API5	CUL3	GLCCI1	HSPB8	ORC1L	GJA1	JPH1	FUT11	CASP9	FOXO1	LEF1	EPB49	RBL1	STAT3	STAT1	BCL9	MLL	EIF3B	PPP1R2	KIF1B	SQSTM1	MAPK8IP1	SART1	DAXX	KHDRBS1	EIF4B	DES	IKBKG	HNRPDL	SRC	ATXN3	PSMD1	CNOT4	ATXN7	IRS1	BIN1	IRS2	ODF2	OTUD7B	JUND	SNRNP70	NDEL1	BAG3	EPN1	LAT	EIF2B5	UBE2E3	ARHGEF2	NFKB1	CCND1	CCND2	CCND3	RPS6KA4	RPS6KA1	RPS6KA3	CTNNA2	GABBR1	BCL2L11	KCNB1	BICD2	BICD1	BAZ2A	TPD52L2	CDKN1B	ZNF295	CDKN1A	DYNC1LI1	ESR1	DLGAP2	DLGAP1	NCOA3	NCOA1	ZFP36	MYLK	PRPF4B	WHSC2	AMPH	PCIF1	HSF1	USP20	EIF4ENIF1	USP24	PDE4B	PPARG	SMARCAD1	CASKIN1	IL16	C21orf66	PPP1R16B	PTEN	CIC	MITF	ARHGAP12	SEC24B	REST	UBTF	RBL2	CTR9	DEAF1	UBE2A	MSH6	PPP1CA	JUN	CDC6	DAB2	DAB1	PRKAR1B	CABYR	LIPE	MAPK4	SPEN	HDLBP	MAPK8	CRY2	PDLIM4	RIMS1	MLLT4	BLM	MED14	COIL	CTNNB1	PHF12	HMGA1	GRB10	MUC1	CTNND2	ESRRA	CTNND1	NCL	HNRNPH2	RUNX1	RNMT	NACC1	WDFY1	CACNA1E	PPIG	ANAPC2	RB1	ZFPM1	EIF4EBP1	TRA2B	SNAI1	CACNG2	FBXO4	PHC3	PLCB1	RARA	ARHGEF12	FLNA	MDM2	FGFR1OP	TPX2	KCNAB2	TAF2	TAF3	TAF6	PSEN1	ZHX1	RAP1GAP	POLR2A	FNBP4	SNTA1	BCR	GFPT1	RNPS1	KDM6A	SPIB	ANAPC1	STAT5B	ETS1	NCAM1	RBMX	ADRB2	MCM2	HELB	THRAP3	PCYT1A	PCYT1B	RPS6KB1	PPP4R2	SCML2	CCNE1	SLC4A10	NPM1	HELZ	NMT1	SFRS16	BRCA1	SFRS14	SFRS15	SFRS18	GTF2F1	PRICKLE3	CALD1	STX7	SMAD2	SMAD4	MYB	MYC	SMC4	CHRM2	SOX11	TJP2	GTF3C1	SIN3A	GRM5	ABL1	MAP4K4	TRERF1	LBR	ZNF217	GTSE1	PRKAR2A	BUB3	WTAP	GBF1	LMO7	LRP6	MAP2K1	SRRM1	SRRM2	MN1	TERF2IP	PSMA5	PPP1R1A	PPP1R1B	AKAP8L	NFIC	MAP1B	BCLAF1	RRBP1	ASXL2	PLA2G4A	KDM2B	HOMEZ	FUBP1	CEBPE	CEBPB	CEBPA	DUT	SGTA	THOC2	KCNMA1	PAK1IP1	FOSL2	JUNB	LMNB1	TLE3	ADD3	SYAP1	ID2	DIDO1	ABLIM2	ARID4B	DPYSL2	ABCB9	KCTD15	MYCN	RCAN1	SLC9A1	CCDC6	CBLC	DDX42	AKAP1	CDC2L2	CDC2L5	UBA1	NFRKB	SORBS1	MAP4	MKI67	MAP2	CLMN	C14orf4	AURKA	POGZ	ADD2	SYNPO	ADD1	IER3	CREB1	BAT2	AFF1	CAMK2D	CAMK2G	ARHGEF6	GYS1	ANLN	SOS1	ELK3	ELK1	SLCO4A1	WRNIP1	MAPT	CBFA2T2	MARCKS	GOLGA2	TCF20	UNC13B	SMARCC2	SLC20A1	BRD3	ZYX	CDX2	TAL2	ADRBK1	CUX1	LRRFIP1	PCLO	DDIT3	PITPNM1	E2F1	IFI16	GJC2	SF1	STMN1	STMN2	CTTN	YLPM1	BCL2	HDAC6	SFRS8	TCF3	ADCY6	SFRS2	SFRS7	SFRS5	PALM	NSUN5	SON	CANX	MKNK2	LMNA	TLK2	CXADR	NUDT11	OPRD1	PAK1	PAK7	PAK6	SAFB2	COBL	PAPOLG	DCX	ZMYM3	ZMYM2	TJP1	NCF1	PLEC1	BCL7C	RPAP1	COPA	CSTF2T	CDH1	AXIN1	TCEAL1	DOCK7	RPS3	RBM14	BSN	HNRNPD	HNRNPF	TCOF1	BPTF	PDS5B	MCL1	C11orf30	MAPKAPK2	CREM	SNAPC4	GIGYF2	NR5A1	SNPH	ADRA2A	NOL3	CHAF1B	EXO1	GTF2IRD1	CACNB4	UBR1	ZMYND8	EPS15L1	SMARCC1	NEUROD1	REXO1	PPARGC1A	AHNAK	GRSF1	BRD2	MAP1S	CHEK2	CHEK1	NUP214	EPB41L1	SYN3	SYN1	PRKAB1	NFATC3	NFATC2	SIRT1	SRRT	RELA	TP53BP1	GJB1	SGK1	ANK1	NACA	ANK2	RPA2	MEF2A	KDM5A	MAP1A	NOTCH2	RTN4	PPFIA3	PPFIA1	NCOR2	NFIA	SEPT5	TP53	DCLK1	ACLY	USP19	RREB1	CRKL	AAK1	TESK1	PTPN7	C20orf112	CHD4	UNG	CHD3	NCOR1	MKI67IP	RBBP6	TACC3	MYOCD	DNM1	SNW1	STUB1	SPTBN1	PTTG1	RAD18	TNKS1BP1	MAP3K11	CSDA	APP	LIFR	FOXM1	RAPH1	PCDH7	PCDH1	ISL2	KAT5	ADAM17	CHTF18	ITSN1	MYBL2	APC	CDC27	TERF2	FLII	POP1	RXRA	NEFH	RANBP2	CDC25B	NEFM	CDC25A	ATN1	MOBP	ZNF335	ERCC5	KRT8	ARID1A
HCK	na	ITK	ALK	IFNAR1	PKIA	WAS	HCK	FES	CSF3R	ACAP2	ADAM15	ANXA1	BLNK	CBL	EPHB3	RAF1	STAT3	BCR	PLCG2	PLCG1	AXL	LCP2	SKAP2	ZC3HAV1	ZNF24	CD6	PECAM1	DOK2	RAPGEF1	STAT5B	ITGB3	RIN1	ABL1	ENAH	BLK	EMD	TEC	FKBP8	ELMO1	PDPK1	PTK2B
HIPK2	na	STAT3	PAX6	PML	CBX4	TP53	RUNX1
IGF1R	na	ALK	BDKRB2	TRIM39	PTPRE	MUC1	CTNND1	GJA1	CD34	HNRNPH1	RET	HOXA10	DDX3X	BAIAP2	CD6	CD3G	CRK	SHC1	CD28	NAPG	KDR	CCDC88A	TEC	SH2B3	INSR	HLA-G	LPP	SDC3	MAP2	IGF1R	IRS1	KIT	TXK	ANXA1	FIP1L1	SPRY4	TDO2	PTK2B	BCAR1	LCP2	SKAP2	LPXN	ETS1	IL2RB	YES1	VAV2	ADRB2	PDPK1	PIK3R1	HCK	MET	ACLY	CRYGB	SLC6A1	PRKCA	FABP3	GHR	FABP4	PTPN11	JAK3	JAK2	PTK2	CTTN	MAPRE1	DAB1	ACTC1	VCP	HSPD1	IFNAR2	IFNAR1	ADAM15	MERTK	CSF1R	GTF2I	NEDD9	BLNK	BMX	PPP1R11	EFS	CDC2	FGFR3	MST1R	FGFR1	NTRK1	NTRK3	BTK	PDLIM1
IKBKB	na	IKBKG	NCOA3	IKBKB	NFKB1	RELA	IRS1	NFKBIB	NFKBIA	FOXO3
IKBKE	na	IKBKE	IRF3	NFKBIA	RELA
ILK	na	NACA	ILK	PPP1R14B	PPP1R14A	PPP1R12A	PPP1R14C	AKT1	AKT3	AKT2
INSR	na	ITK	HNRNPA0	FER	HTR6	BLVRA	DOK1	SYK	MPZL1	ACTN1	DDX3Y	ERBB3	RGS16	ANAPC4	HCK	FLT1	HSPA4	ZNF24	PPP1R8	CD3D	DYRK1A	SHC1	EPOR	PPP1R12A	PSMB4	ZAP70	RBM3	ATP1A1	SRC	INSR	ELP3	LPP	CHRNB1	IGF1R	IRS1	YBX1	KIT	IRS2	EIF4H	ZNF264	GAB1	ARFGAP3	ABLIM1	SH3BP2	EPB41L2	FNBP1	LAT	LYN	PVR	PTK2B	NEU1	BCAR1	BCR	PTK2	IL2RB	YES1	VAV2	FXR1	ADRB2	PIK3R3	PIK3R1	BAIAP2	PDGFRB	FYN	ARHGAP5	CRYGC	PRKCI	LCK	EPHB2	FABP4	PTPN6	ZFYVE16	FCGR2A	PTPN1	ROS1	AXL	CALD1	CALM3	CALM2	CALM1	CTTN	ABL1	ABL2	TNKS1BP1	CLTC	MAP4K1	APP	MET	FRS3	ADAM12	CSF1R	CD79A	FGR	CBL	BMX	FGFR1	PIKFYVE	CD247	NTRK1	NTRK3	NTRK2	TSC2	WWOX	RRAS	PLEC1	CD19	FUBP1
IRAK1	na	STAT3	IRAK1
IRAK4	na	IRAK4	IRAK1
ITK	na	ITK	CD28	BCAR1	BMX	ERBB2IP	ABLIM1	EMB	SIGLEC10	BTK	TEC
JAK1	na	STAT2	IFNGR1	STAT1	SYP	STAT3	IL2RB	IL9R	IL10RA	IRS1	IL6ST	TYK2	EIF2AK2	PTPN11
JAK2	na	SIRPA	STAP2	IL6ST	GTF2I	SOCS3	CSF2RB	RAF1	STAT3	STAT1	SYP	PAK1	CTLA4	MAPK1	GHR	PTPN11	IFNGR1	JAK2	EPOR	CCR2	EGFR	STAT5A	ADRB2	MAPK3
JAK3	na	JAK3	JAK2	JAK1	SIGLEC10
KDR	na	KDR
KIT	na	FLT3	KIT	SH3BP2	PDGFRB	STAT1
LCK	na	ZAP70	ITK	PIK3R1	SRC	HGS	ELP3	LPP	HLA-B	ABL1	ESR1	INPPL1	FYB	FYN	CD79B	KIT	ACAP2	ACLY	ITSN2	ZNF264	DOK1	PRKCD	CD34	CBL	CD33	ACP1	SLC4A1	SOCS3	PTPN6	PTEN	SLAMF1	SPTAN1	PRKCQ	DAPP1	PSTPIP1	ABL2	SHC1	STAT1	MED28	ERBB3	PVR	PLCG1	RASA1	MGRN1	LCP2	TYROBP	DEF6	EZR	SIGLEC10	CTLA4	CD3E	BTK	TACC1	SYK	ADAM17	GAPDH	JAK3	JAK1	PECAM1	MAPK14	CD28	IL2RB	EPHA3	SH2B3	YES1	GABRG2	VAV1	VAV2	LCK	PLCG2	EFS	SH2D2A	FLT3	CD5	RET	CCDC88A	NFKBIA	FLNB
LIMK1	na	CFL2	CFL1	LIMK1
LRRK2	na	RDX	LRRK2	MSN
LYN	na	ZAP70	SRC	INSR	FCGR2C	FCGR2B	FCGR2A	HCK	TOM1L1	PDGFRB	MAP2	FYN	IRS1	CD79B	CD79A	GRB10	KIT	RGS16	TXK	NMT1	DOK2	BTK	SLC4A1	PRKCD	PDIA3	CD19	PLCG1	PAG1	EMB	CD33	LAIR1	MPZL1	RET	NTRK2	PTPN6	SLAMF1	DAPP1	DAB1	PLCG2	ERBB2	PTK2B	CDKN1B	LCP2	LYN	FLT4	STOML2	SNCA	CD5	PPP1R8	ARFGAP2	STAM2	SYK	TRPV4	PTK6	LPXN	PECAM1	EPOR	STAT5A	CSNK2A1	CDK4	HCLS1	CEACAM1	MAP4K1	MET	CDC2	TBC1D15	FYB
MAGI2	na	TEP1	PTEN
MAP2K1	na	TAL1	CTTN	MAP2K1	DUSP1	CASP9	SMAD2	PARVA	RPS6KA4	PLCB1	UBTF	MAPK1	MAPK3	HSPB8	GSK3B	KRT8	SPIB
MAP2K2	na	MAP2K2	DUSP1	CASP9	SMAD4	UBTF	FOS	MAPK3	KRT8
MAP2K3	na	MAPK12	MAPK14	MAP2K3
MAP2K4	na	MAPK10	MAP2K4	MAPK12	RXRA	MAPK9	MAPK8
MAP2K6	na	MAPK13	MAPK12	MAPK14	STAT4	PAK6
MAP2K7	na	MAPK10	FADD	MAPK9	MAPK8
MAP3K1	na	MAP2K7	FADD	MAP2K3	MAP2K1	MAP2K4	MAP3K1	MAP3K11	MAPK1	MAPK3	SRPK2	ETS2
MAP3K11	na	MAP2K4	MAP3K11
MAP3K14	na	CHUK	IKBKB	NFKBIA	NFKB2
MAP3K2	na	RIPK4	MAPK3	MAPK1
MAP3K3	na	RIPK4	MAP3K3	MAP2K3
MAP3K4	na	MAPK10	MAP3K4	MAPK9	MAPK8
MAP3K5	na	MAP3K5	MAP2K4	TNNT2	CDKN1A
MAP3K7	na	MAP3K7	SMAD3	IKBKB	PTPN3
MAP3K8	na	MAP3K14	MAPK3	MAP2K2	MAPK1	MAP2K1
MAP4K1	na	LCP2	MAP3K11	MAP4K1
MAPK1	na	PTPRR	CEBPB	CEBPA	GRB10	BRAF	RPS3	GAP43	GJA1	CASP9	ARID4B	EPB49	DDIT3	MCL1	STAT3	ATN1	RBL2	MYCN	SPHK1	BCL2	RGS19	SLC9A1	TOP2A	EIF4EBP1	NR5A1	SREBF2	SREBF1	GSK3B	NDE1	RARA	KHDRBS1	SP1	CNKSR11	H3F3B	ESPL1	NEUROD1	CNOT4	GABRR1	TAF6	SF3B1	IRS1	POLR2A	JUND	GAB2	GAB1	KSR1	GATA4	PAK1	NDEL1	ARHGEF2	IER3	DUSP16	NFATC4	SCNN1G	AR	DUSP1	PTBP2	DUSP6	RELA	RPS6KA5	RPS6KA4	RPS6KA1	RPS6KA3	DAPK1	PITPNM1	SGK1	ETS2	ELK1	STAT5A	NR4A2	NR4A1	PGR	ARRB1	MAPT	APBB1	MBP	CRY2	ITPR1	RPS6KB1	CDKN1B	CCNE1	TP53	ESR1	THRB	ZYX	NCOA1	ZFP36	LCK	WHSC2	AAK1	MAPKAPK2	RAF1	PPP1R9B	MAPKAPK5	CHD4	PCLO	UNG	HSF1	BCL2L11	SMAD1	SMAD3	SMAD2	MAFA	SMAD4	MYB	MYC	SMC4	PPARA	TH	PPARG	ERF	SMARCAD1	JAK2	CTTN	EGFR	CAD	IL16	SORBS3	TNKS1BP1	TCF3	CEP55	MED1	ADCY6	LIFR	RBL1	TOB1	CRYAB	UBTF	MKNK2	MYBL2	MAP2K1	SRRM1	TNFRSF1A	MKNK1	RXRA	JUN	ILKAP	SOS1	NEFH	EIF4ENIF1	LIPE	CRY1	RPS6KC1	MAPK1	TSC2	PLA2G4A	CAPN2	SPAST	ZMYM2	NCF1	GORASP2	PTPN7	FOS	E2F1	NR3C1	BCL7C	CD19	KRT8
MAPK10	na	CEBPB	IQGAP1	COIL	LMNB1	HMGA1	ORC1L	BAT2	HNRNPK	SYAP1	MLL4	RPS6KB1	PDS5B	EIF4EBP1	ANAPC2	SLC9A1	CCDC6	CDC16	KIF1B	MAP3K7IP1	SNPH	MAPK8IP1	MAPK8IP3	CDC2L5	EIF4B	MCOLN1	EPS15L1	RBM6	KCNAB2	TAF3	NCK2	REXO1	CDC20	GRSF1	HSPH1	NUP214	NDEL1	ADD1	SNTA1	SYN1	NFATC3	NFATC2	SRRT	NAP1L1	MYOD1	BCOR	GYS1	GABBR1	BCL2L11	ELK3	RTN4	PPFIA1	PCYT1A	PCYT1B	FGFR1OP	TCF20	PPP4R2	DMAP1	EPS15	TAL2	MEF2A	PHACTR1	CRKL	AMPH	MAPKAPK2	ZFYVE16	MOBP	HSF1	USP20	EXOC8	GTF3C4	BCL2	SPTBN1	GRM5	RAD18	MAP4	LIFR	ARHGAP12	CRYAA	WTAP	GFAP	ITSN1	RBM39	SRRM2	NUDT11	RXRA	EIF2AK2	ATN1	MARK2	NFIA	COBL	ASXL2	USP47	PLEC1	NR3C1	RPAP1
MAPK11	na	HNF4A	HBP1	MAPKAPK5	ZNF295	EEF2K
MAPK12	na	MEF2D	MAPK12	GJA1	MEF2C	ETS1	MEF2A	SNTA1	SGK1	SH3BP5	EEF2K	MAPT	RXRA	C20orf112
MAPK13	na	STMN1	SAPS2	MARCKS	CACNA1E	ZNF295	BRWD1	CAMK2G	SFRS8	MAPT	EEF2K
MAPK14	na	MSH6	COPA	MTA1	CSTF2T	FMN2	BAD	THOC2	THOC1	KIF11	PHF12	RPS6KC1	DAGLA	AGPS	HIVEP1	GLCCI1	HSPB8	GRB10	TLE3	LIMK1	CASP3	BAT3	MGMT	GAP43	ZFYVE20	JPH1	POLA1	HNRNPD	EZH2	CASP8	SPAG9	ARID4B	TCOF1	EPB49	NEFH	CDX2	RUNX1	EIF5B	SF1	ILF3	PLXNA2	STXBP1	CLASP2	STAT3	RBL2	MYCN	STAT4	BCL9	C11orf30	MLL	YWHAB	EIF3B	SLC9A1	SNAPC4	NR5A1	ASPH	RB1	IER3	ZFPM1	WEE1	EIF4EBP1	SIPA1	IDH3G	SQSTM1	MAP3K7IP1	UNC13B	GTF2IRD1	TLN2	NOL3	CHAF1B	EXO1	PSEN1	MAPK8IP1	AXIN1	PLCB1	RARA	SIRT1	CSNK2B	KHDRBS1	HIST1H1B	FLNA	PIP4K2B	H3F3B	ZMYND8	UBA1	TRA2B	IKBKB	NEUROD1	TPX2	NFRKB	CNOT3	NOLC1	TAF2	LAD1	MAP4	TAF6	TERF2	PPARGC1A	BIN1	AP3D1	CDC27	PPP1R1A	POLR2A	RAB4A	BRD2	OTUD7B	JUND	PTPN7	CDC25B	JUNB	MECP2	ARHGAP12	KDM5A	FNBP4	TRERF1	BAG3	EPB41L1	EPB41L2	SNTA1	DAXX	TCEA1	CREB1	MAX	LAT	DLG4	BAT2	LBR	LCP2	BCR	PTBP2	EEA1	CCND2	CCND3	RPS6KA5	RPS6KA4	FANCD2	RPS6KA1	SPIB	NCOA3	RELA	AGAP2	ANLN	SNAP91	PITPNM1	SGK1	ANK1	NCOA1	ELK1	SFRS2IP	NCAM1	ZNF148	RPA2	SFRS15	LMO7	KCNB1	PHF3	G3BP2	GTF3C1	SKIV2L	ID2	CBFA2T2	NOTCH2	BAZ2A	CASP9	NCL	PPFIA1	THRAP3	FOXM1	RPS6KB1	BCAS1	NCOR1	CDKN1B	DDX42	CCNE1	CDKN1A	DYNC1LI1	TP53	ESR1	HNRPDL	SLC4A10	SLC20A1	HNF4A	BIRC5	ACLY	BRD4	USP19	DHX9	MEF2C	CSNK1E	ZFP36	ADRBK1	KIF2A	XPA	SENP6	EP400	PRKCB	WHSC2	GTF2F1	CUX1	HDLBP	PSMD1	MAPKAPK2	CALD1	TSC1	GABBR2	PPP1R9A	KHSRP	MAPKAPK5	CHD4	PCLO	SMARCC1	PCIF1	DDIT3	CHD3	RBL1	DLGAP1	SMAD3	LIPE	MAFA	EIF4ENIF1	MYB	RRBP1	CDK4	NUP98	E2F1	PPARG	MYL4	DOCK7	ELK3	DAB2	SMARCAD1	TACC3	ETS2	STMN1	STMN2	STX7	TAF3	MEF2A	YLPM1	PEPD	EGFR	SIN3A	SPTBN1	ATRX	RCAN1	TH	CLTC	SNW1	MED1	SLCO4A1	SFRS2	MKI67	PAK6	PTPN1	SFRS7	CSDA	SFRS5	PALM	MATR3	IFNAR2	IRS2	PCDH7	AKT1S1	UNG	UBTF	MLLT4	VDAC1	SMARCA5	CHTF18	CTR9	GBF1	NFATC4	CANX	MKNK2	MYBL2	HSF1	ATF2	ERCC5	FEN1	RANGAP1	SMTN	ARRB1	SRRM2	STUB1	PPP1CB	FKBP5	MKNK1	BCL2L11	FIP1L1	JUN	ARHGEF12	CDC6	MN1	TCF3	SON	TERF2IP	SAP30	IRS1	SOS1	PAK1	SNX26	RANBP2	ZNHIT1	EVPL	CDC25C	NR2F6	STK10	ATN1	MAPK4	MAP1A	SPEN	ETS1	PRPF4B	MYC	JDP2	PAPOLG	PLA2G4A	MAP2	TJP2	PDLIM4	TJP1	NCF1	RIMS1	PKP4	PPARA	UBQLN2	KDM2B	SRRM1	GIGYF2	EEF2K	ZNF335	NR3C1	UBE2A	BCL7C	CCNK	HOMEZ	KRT8	EPRS
MAPK14M	na	APKFLG	APKCDC25B	APKFGFR1	APKEIF4EBP1	APKFGR	APKPLA2G4A
MAPK15	na	MAPK15
MAPK3	na	PTPRR	CEBPB	CEBPA	ETV6	HSPB8	GRB10	BRAF	RPS3	GAP43	GJA1	HNRNPK	BSN	CASP9	PDE6G	MCL1	STAT3	STMN1	RCAN1	CCDC6	TOP2A	LCK	EIF4EBP1	SREBF2	SREBF1	GSK3B	FBXO4	PLCB1	SP1	H3F3B	NEUROD1	PPARGC1A	POLR2A	GAB2	GAB1	ABLIM1	ARHGEF2	SYN3	MAZ	NFATC4	DUSP1	DUSP6	RPS6KA5	RPS6KA1	SPIB	RPS6KA3	BCL2L11	SOS1	ETS2	ETS1	STAT5A	PGR	ARRB1	MBP	RPS6KB1	ESR1	THRB	TAL1	ZFP36	ADRBK1	RRN3	MAPKAPK2	CALD1	KDM5A	HSF1	SMAD2	SMAD4	MYB	PPARA	TH	RAF1	BCL9	STMN2	ELK1	CTTN	EGFR	CAD	IL16	TCF3	SNW1	MED1	LIFR	CRYAB	UBTF	IRS1	ADAM17	DEAF1	MKNK2	MKNK1	JAK2	SPHK1	SRRM2	LMNA	RXRA	ILKAP	LIPE	MAPK3	MAP1B	PLA2G4A	CAPN2	ZMYM3	NCF1	PTPN7	FOS	KRT8
MAPK7	na	MEF2D	MAP2K5	GJA1	MEF2C	ETS1	MEF2A	SGK11	ZNF295	MAPK7	SGK1	RXRA	GLCCI1
MAPK8	na	FOXO4	CEBPE	CEBPB	TPD52L2	CUL3	COIL	KCNMA1	SNRNP70	EEF2K	CTNND2	ESRRA	RBM15	GJA1	HNRNPK	FUT11	FUBP1	HNRNPF	PAX2	ELF2	LEF1	DPYSL2	HNRNPH2	BPTF	ATF2	ABCB9	STAT3	CLASP1	DLGAP2	SFN	BSN	MAD1L1	SEPT5	ZC3HAV1	YWHAZ	SF3B1	SNN	MAPK8IP1	MAPK8IP3	HDGF	AHNAK	AKAP1	SSBP4	PHC3	CDC2L5	PXN	SP1	DES	BCL2L1	H3F3B	FGFR1OP	SRC	CNOT4	ATXN7	ERBB2IP	TAF3	MAP4	MAP3K11	ZNF516	IRS1	CDC23	C14orf4	CDC27	RAP1GAP	POGZ	CHEK2	JUNB	ADD2	NDEL1	SYN1	BAT2	PCTK1	NFATC2	BLM	SRRT	CDC25C	TP53BP1	GYS1	RPS6KA3	CTNNA2	TNFRSF1B	BCL2L11	ELK3	ANK2	RBMX	NASP	PAK6	ADRB2	LIMD1	RTN4	FZR1	EPS8L2	IKBKG	NF1	GOLGA2	RPS6KB1	NFIA	SCML2	CDKN1A	TP53	ESR1	DYNC1LI2	SMARCC2	MAP1S	DCLK1	EEF2	FAS	EIF4G1	MEF2D	NMT1	NCOA3	SFRS14	MEF2A	ZEB1	RREB1	S100A11	PRICKLE3	AAK1	MAPKAPK2	CALD1	TOPORS	MAPKAPK5	LRRFIP1	PRDM2	CAST	HSF1	REST	PSMD4	SMAD2	NPM1	SMAD4	SYMPK	MYC	DCX	PPARG	BAD	CHRM2	STAT5B	SOX11	RNMT	DNM1	STMN2	BCL2	PTTG1	ABL1	RAD18	MAP4K4	CIC	ADCY6	PPM1J	KDM5C	APLP2	SLC41A3	PCDH1	CASKIN1	ISL2	HDAC6	BUB3	NSUN5	DEAF1	CACNB4	MKNK2	YWHAB	C9orf5	SRRM2	LMNA	FLII	TLK2	BMF	JUN	DAB1	KLF16	PPP1R1B	NEFM	PAK7	ANAPC1	ATN1	ITCH	NFIB	NFIC	MAP1B	BCLAF1	UBR1	PLA2G4A	SPAST	ZMYM2	PLEC1	CCNT2	NR3C1	MATK	KRT8	ARID1A
MAPK9	na	FOXO4	IFI16	FADD	PAK1IP1	FOSL2	LMNB1	PHF16	HMGA1	RPS3	RBM14	GJA1	ABLIM1	ID3	RPS6KB1	ATF2	CRMP1	USP6NL	KCTD15	EIF3G	SLC9A1	YWHAZ	NES	CDC16	MAPK8IP1	CACNG2	CDC2L2	CDC2L5	H3F3B	H3F3A	NEUROD1	MAP4	KAT5	CLMN	CDC20	ADD2	SYNPO	NDEL1	ADD1	SYN3	SYN1	NFATC3	NFATC2	GFPT1	ARHGEF6	CCND1	GYS1	PWP1	BCL2L11	ELK3	ETS2	SLBP	BICD2	MCM2	PURB	PCYT1B	TCF20	EPS15L1	ZYX	MAPK10	LCK	SFRS18	RRN3	AMPH	RFX1	PTPN7	MAPKAPK5	XRN2	HSF1	USP24	MAPKAPK2	TMPO	KIF22	ELK1	CTTN	BCL2	SPTBN1	HCLS1	MAP4K4	TNKS1BP1	CAMK2D	SH3BP5	ZNF217	ADCY9	ARHGAP12	SEC24B	RAPH1	ADAM17	ITSN1	MAP2K2	SRRM2	RAPGEF6	CXADR	JUN	DDX23	PSMA5	PPP1R1B	CDC25C	PAK7	MARK1	MARK2	NFIC	MAPK8	TFAP4	PLEC1	FOS	EEF2K	NR3C1	ARID1A
MAPKAPK2	na	SRF	CRYAB	HSPB1	ETV1	ARPC5	FAS	LIMK1	LSP1	NCOA1	ZFP36	MYLK	ESR1	BAG2	DDIT3	MAPKAPK2	TSC2	CREB1	STAT3	HSF1	CDC25B	CDC25C	TH	YWHAZ	CAD	PLK1	ALOX5	EEF2K	ADRB2	VIM
MAPKAPK3	na	HSPB1	EEF2K
MAPKAPK5	na	TP53	TH	EEF2K	PLA2G4A
MARK1	na	MAPT	MAP4	MAP2
MARK3	na	MARK3	CDC25C	STK10
MELK	na	MELK	CDC25B
MERTK	na	MERTK
MET	na	GAB1	MET	PTK2
MKNK1	na	EIF4E	PLA2G4A
MKP2	na	MAPK3	MAPK1
MLYK	na	MYLK
MNAT1	na	ESR1
MOS	na	MOS	ADRB2
MSK1	na	RPS6KA5	STAT3	TH	WNK1	BAD
MST1	na	MST1	STK4	HIST1H2BB
MST1R	na	MST1R
MST2	na	LATS1
MTOR	na	EIF4EBP1	MTOR	RPS6KB1	RPS6KB2	FRAP1	AKT1	IRS1
NEK2	na	PPP1CC	NDC80
NEK6	na	RPS6KB1	SGK1
NEK9	na	NEK9	NEK7	NEK6
NME1	na	NME1	CNKSR1	CNKSR11
NME2	na	NME2
NTRK1	na	NTRK1
NTRK2	na	TIAM1	NTRK2	FRS3	PLCG1
OXSR1	na	PAK1	SLC12A2
P70S6K	na	FRAP1	IRS1
PAK1	na	NF2	FOXO1	DYNLL1	ESR1	PGM1	LIMK1	BRAF	CASP1	MAP2K1	MYLK	GNAZ	MAP3K1	RAF1	SYN1	FOXL2	PAK1	ARHGEF2	ARPC1B	ARHGDIA	BAD	STMN1	PGAM1	STAT5A	ILK	PPP1R14A	PLK1	SNAI1	PPP1R12A	ADRB2	VIM	FLNA
PAK2	na	NF2	RPS6	MYLK	PAK2	PRL	ABL1	MYC	VIM	MYL9	SYN1	MKNK1
PAK3	na	TNNI3	CTTN	PAK3	STK4	CALD1	MYO6	RAF1	SYN1
PAK4	na	PAK4
PCTK2	na	PCTK2
PDGFRA	na	SHC1	SRC	PLCG1	RASA1	PDGFRB	PDGFRA	PTPN11
PDGFRB	na	SHC1	PIK3R1	SRC	PLCG1	RASA1	CBL	SLK	PDGFRB	FYN	IRS2	LAT	PTPN11
PDK1	na	SGK12	AKT3	SGK11	RPS6KB1	PRKCA	SGK13	MAP2K2	MAP2K1	PRKCD	PRKCE	MAP3K5	PRKCG	PKN1	PKN2	TSSK3	PRKCZ	PDK1	PDHA1	PAK1	ADRB2	AKT1	RPS6KA3	AKT2	PRKCH	SGK2	SGK3	SGK1	PRKACA	MAP4K1	ITGB3	RPS6KA1	PDPK1
PDK2	na	SGK1	PDHA1
PDK3	na	PDHA1
PDPK1	na	RPS6KB1	RPS6KB2	MAP2K2	MAP2K1	PRKCD	PRKCE	MAP3K5	PKN1	PKN2	PRKCZ	PDHA1	PAK1	RPS6KA1	AKT3	AKT2	SGK2	SGK3	SGK1	RIN1	ITGB3	AKT1	PDPK1
PHKA1	na	PHKA1
PHKG1	na	PYGM	PHKA1	MAPT	PHKG1	PYGB
PHKG2	na	PYGM	PHKA1	MAPT	PHKG1	PYGB
PHLPP	na	AKT1	AKT3	AKT2
PIK3CA	na	RPS6KB1	PIK3R1	TPM1
PIK3CG	na	TPM2	PIK3C2G	PIK3CG
PIM1	na	MARK3	CDKN1A	PIM1	STK10	BAD	CDC25A
PIM2	na	BAD
PIM3	na	BAD
PKC	na	POLB	ATP1A1	IL2RA	ANXA1	TFRC	PPP1R14C	EIF2S2	ACO1	LMNA	ABCB1	GABRB2
PKD1	na	PI4KB	RIN1	PPP1R14A	HSPB1	PRKD1	PKD1
PKD2	na	PI4KB	PRKD2	PKD2
PKN1	na	MARCKS	PPP1R14A	PKN1	CDC25C	MAPT	ZNF509
PLK1	na	BUB1B	IKBKB	CDS1	NINL	CDC23	IRS1	NPM1	CDC27	PIN1	BRCA2	CHEK2	NUDC	MYT1	CEP55	HSF1	ANAPC4	ANAPC7	CDC25C	ROCSNK2A1	ANAPC1	ECT2	CCNB1	WEE1	PLK1	TPT1	PKMYT1
PLK3	na	TP53	CDC25C	CHEK2
PPM1D	na	MAPK14	CHEK2	CHEK1	CDS1	ATM	RPS6KA1	RPS6KA3
PPP1CA	na	PPP1R1A	CRYAB	CDC25C	PRKCB	PPP1R16B	MST1R	PTPN7	PIP5K1B
PPP2CA	na	CSNK1E	SPHK1	CHEK1	MAP3K1	PTPRC	AKT1	ATM	PRKAA2	PRKAA1	PDPK1	PPP1R14A	PDK1
PPP2CB	na	RAF1	MARK2	MET
PPP5C	na	RAF1	ICK	MAPK8
PPPM1A	na	CHEK2	CDS1
PRKAA1	na	ACACA	ACACB	PRKAA1	CASP6	MTOR	GRIK2	EP300	LIPE	EEF2K	NOS3	HNF4A	PRKAA2	PHKA1	LOC728860	RAF1	PFKFB2	PFKFB3
PRKAA2	na	ACACA	ACACB	PRKAA1	CASP6	EP300	LIPE	EEF2K	NOS3	HNF4A	PRKAA2	PHKA1	LOC728860	RAF1	PFKFB2	PFKFB3
PRKACA	na	PTPRR	GRIA4	STK24	CUL5	PPP1R8	ETV1	SI	HSPB8	GJA5	ADD3	ITGA4	EPB49	HMGN1	SLC4A4	STK3	ACCN2	ATF1	ATF2	RGS10	ERBB2	BRAF	PPP2R5D	CACNA1C	CREM	EVL	KCNH2	YWHAZ	RAP1B	PHKA1	RAP1A	CIITA	GP1BB	CACNA1S	TNNI3	ABCC8	KCNJ12	KCNJ11	GSK3A	GSK3B	CACNG2	PPP1R12A	NOS1	RARA	CAMKK1	CFTR	RET	FLNA	PFKFB2	HSPB6	SRC	HIST1H3B	ACACA	MIP	NOLC1	HAND1	MAP2	IRS1	PLCL1	PSEN1	NDRG1	SRY	AANAT	AURKA	AHNAK	ACLY	MC4R	ADD2	GNMT	C7orf16	ADD1	TPH1	SYN2	SYN1	CREB1	RELA	MYLK	NFATC4	PCTK1	EIF2S2	CETN1	NFKB1	CCND1	LCP1	KCNJ4	ITPKA	GRK1	PTBP1	GRK7	ATP2B1	ADRBK1	MAPT	HNRNPD	FRAP1	GMFB	PLIN1	ITPR1	GYS1	NF2	PIK3R1	TEAD1	FAS	MOS	KLF1	MEF2C	LCK	MAP3K3	ABCA1	GJB1	SOX9	RAF1	PTPN5	RYR1	RYR2	PPP1R3A	SNAP25	GABRR1	ABCB1	PDE4B	TH	BAD	KCNMA1	BRPS6KA3	PTPN12	RHOA	STMN1	STMN2	WT1	KCND2	CLDN3	CAD	SPTBN1	APC	PRKACA	PPP1R9B	SLC2A2	PDE3B	PIP5K1B	PRKAR2B	SNAPIN	PLN	CSK	GFAP	NPR1	CACNB2	GNA13	MYBPC3	LRP1	HDAC8	VTN	YWHAH	FOS	GRIA1	HMGN2	HMGCR	CSF2RB	PDE4D	DSP	RASGRF1	RAP1GAP	TBXA2R	PPP1R1A	PPP1R1B	EN2	PHKG1	DNAJC5	VIM	STK11	LIPE	MBP	VASP	RGS14	DCX	PPP1R14A	PTPN7	RRAD	EEF2K	PDC	THOP1	PRKAA1	MLXIPL
PRKACB	na	CUL5	LMNB1	CDC42EP1	HTR2C	LATS2	HNRNPK	TRIM3	EPB49	ACCN2	STAMBP	FBP1	RBL2	RGS14	PPIG	CACNA1C	PPP1R8	RAP1A	CIITA	TNNI3	EGR1	AHNAK	CAMKK1	FLNA	DES	SRC	POU2F1	MIP	IL8RB	DCLK1	BCKDK	KIT	KIAA1012	AURKC	PER2	LYZ	QDPR	SPAG9	PRKAB1	GRIN2B	NEU1	CAMK2G	LCP1	SNRNP200	RPS6KA1	C5AR1	CTNNA1	CTNNA2	ANAPC1	MAPT	ADRB2	EIF2C4	CGB	GOLGA4	THRAP3	TP53	DLGAP2	PYGB	PYGM	PYGL	ABCF1	DHX8	ZFP36	MYLK	PRKCE	GTF2F1	NME2	CALD1	CST4	PCLO	NPR1	SMAD3	KRT19	TH	TIAM1	RAF1	MITF	ANKS1A	STMN1	CBX3	SPTBN1	CLTC	VIM	FGA	NDC80	USP32	CTR9	PRPF4B	MKNK1	PTH2R	GRIA4	SRRM1	NGFR	ZNF224	XK	GTF2I	SMAD2	TBC1D5	PHKG1	NEFL	CDC25A	LIPE	WDR33	CAV3	CRIP2	SCN4A	PLA2G4A	MLLT4	ALOX5	MBD3	XRCC4	XRCC6
PRKAR1A	na	HLA-A
PRKAR1B	na	HLA-A
PRKAR2B	na	PRKAR2A	PRKAR2B	LASP1
PRKCA	na	FOXO4	SPN	CYTH2	SLC39A8	BDKRB2	FOXO1	STARD3NL	THOC5	COIL	TACSTD2	GLRA1	PTPRB	KIF3A	PTPRA	TCEAL1	EIF6	ADRBK1	RBM15	GJA1	TNNT2	ABLIM1	EWSR1	RUFY1	BIRC5	NCL	SLC4A4	ADAP1	PDHA1	ABCB1	EEF2	ATF2	PLXNA2	NOTCH2	FBP1	TNNI3	RBL2	PEBP1	FAM8A1	SYP	YWHAH	PPP2R5A	RGS19	YWHAB	CREM	CD226	GIT2	BATF	CD163	KCNQ2	TOP2A	SHC1	PRKG1	PLAU	CORO1B	KCNJ11	ADRA2A	GSK3A	MYH9	PSEN1	PPP1R12A	ILK	ARHGEF17	CHAT	NOS1	EDF1	NOS3	CFTR	CALY	EIF4B	EIF4E	PFKFB2	ICAM3	POLB	ZMYND8	UBA1	ATP1A1	SRC	IKBKB	REV3L	INSR	VCL	GABRR1	FXYD1	GRIN1	HAND1	LENG8	RHO	MAP2	EBAG9	NPM1	IRS1	PLEK	KIT	FSCN1	PKD2	PITPNB	XRCC5	PKD1	PLD1	RAB4A	PLD2	ANXA1	ANXA2	CHEK2	CRYBA4	MC4R	NFE2L2	OCLN	ADD2	NDUFS4	ADD1	TRPC3	STXBP1	AGAP2	PEA15	SPAG1	GABRB1	GRIA4	S1PR1	DLG4	SPP1	NFATC1	GRIN2B	GRIN2A	NFATC2	PA2G4	MYST4	EIF2S2	BCR	GFPT1	CAMK2G	MYOD1	HIST1H1A	NRGN	RPS6KA1	ITPKA	C5AR1	SSTR3	RPS6	DLX3	DAPK1	CAMK2A	ATP2B1	ATP2B2	MEF2C	BCL2L11	SGK1	PFKL	TP53BP1	RPA2	CD5	HSPB8	HOXB7	CGN	MAPT	ADRB2	FGF2	GMFB	APLP2	SMC1A	STOM	NF1	DNM2	MARCKS	TNNT3	RPS6KB2	SEPT3	CDKN1B	HES1	CDKN1A	TP53	ESR1	DDX5	DGKZ	PRKD1	PITPNA	PRKD3	PRKD2	SDC2	GNAZ	BNC1	SAPS3	SFRS16	KCNC4	TFRC	HNRNPH1	LCK	ADD3	TAGLN	TPX2	MAP3K3	PRKCA	GJB1	POU2AF1	ANLN	PRKCZ	SDC4	PTPN6	RAF1	PHF3	GPM6A	PRKCD	SEMA5A	SNAP25	ACCN3	HABP4	SCN2A	DBN1	KRT18	PLCG1	GRM1	CHRND	BAD	PAM	MYL9	MYO1E	PTPN12	PTPN11	RRAD	ERBB2IP	CASKIN1	RGS2	AHR	RGS7	TNNI2	SRF	EGFR	BCL2	DGKD	GRM5	ITGB4	SFRS8	SH3BP2	BRCA1	MAP4K1	ITGB2	ITGB3	SLC2A2	VIM	PTPN1	HLA-A	SFRS7	SFRS5	RBL1	MET	CREBBP	RDX	GABRG2	PTGIR	CLIP1	CASR	SNAP23	SMARCA5	MYBBP1A	HDAC7	IL1R1	ADRA1B	ICAM5	KIF2C	PASK	LMO7	MKNK1	ERBB2	SLC6A9	RALBP1	PLCB3	GNA15	STAR	KCNE1	VTN	CBL	GRIA2	GRIA1	LMNA	HMGN2	PPP1CA	HMGN1	STK3	EZR	PALM	AANAT	DAB2	SMAD3	SLC9A3R1	OPRD1	AURKA	HRH1	PPP1R1A	PITPNC1	TBC1D5	RANBP2	GNG12	CDC25B	CYTH1	STK11	MARK2	TRPV6	MBP	PRPF4B	H2AFX	BTK	TSC2	MAPK9	DNM1	RPL10	NCF4	CAPN1	ACACA	GUCY2C	NCF1	PPP1R14A	CD44	EP300	PPP1R14D	GFAP	PLCB1	FOS	E2F1	CRYBB2	OPRM1	PRKAA2	BCL7C	CCNK	F11R	ACO1	KRT8
PRKCB	na	TNNT2	TNPO3	BDKRB2	TMPO	GRIA2	KCNMA1	HSPB1	SRRM2	LMNB1	CEBPB	HMGA1	EIF6	LIMK2	LIMK1	FUS	ADD2	GAP43	GJA1	CASP6	BSN	EEF1A1	DNAJC13	STK4	CDKN2B	ACTN1	ATF2	DRD1	RBL2	KCTD12	ERBB2	SYP	C11orf30	VPS72	EPB41L3	ANAPC1	CD5	YWHAZ	CTNND2	PHKA1	TOP2A	TRRAP	HMGB2	TNNI3	TP53	GSK3A	GSK3B	AHNAK	EMB	CHAT	PEA15	MYO3A	CFTR	SP4	GABRB2	ITGA2B	EIF4E	DES	FLNB	EPS15L1	DLGAP1	GRLF1	VRK1	GRM5	ATXN7	SDC2	MAP4	PIGR	IRS1	KIT	SF3B2	ITGB7	ANXA1	ANXA2	SAFB	CRYBA2	OCLN	SNRNP70	CRYBA1	CYP2C18	CNN1	SPAG9	ADD1	STXBP1	FNBP1	CDC2L5	CREB1	ALG2	WIPF1	BRAF	CLSPN	GRIN2B	NFATC3	CAMK2A	GFPT1	LTA4H	NFKB2	NRGN	CTNND1	MSN	ITPKA	GRK1	GRK6	GRK5	IRF3	RIPK1	IL2RA	ANK2	FLNA	CTNNB1	NR4A1	HIST1H1D	PFKFB2	P2RY4	GYS1	UBE4B	PCYT1A	MARCKS	MPZ	RPS6KB2	AP2A1	DLGAP4	DLGAP2	MAD2L1	SASH3	MS4A1	NCOA6	PAPOLB	KCNC4	MAP3K8	ADD3	GRIN1	PRKCA	PRKCB	GJB1	CDH17	AAK1	LDHA	CD3G	SPTAN1	PPP1R9B	CASR	NPR1	HABP4	SCN2A	PTHLH	PTGER4	PDE4B	F2R	GRAP2	IFI16	CHRM2	KIF22	NOLC1	PTPN12	EPB41	PTPN11	STMN1	STMN2	EGFR	PRKDC	SPTBN1	APC	ABCA1	CAMK2D	RHO	TERT	ITGB2	PDE3B	PA2G4	LGALS3	LBR	FGA	KIR3DS1	CRYAA	PCYT1B	RGS10	GFAP	PPP1R1B	PEBP1	CACNB2	MAP2K5	PLEC1	RANGAP1	VTN	NPR2	AQP2	SRRM1	WNK1	CDC27	PPP1CC	LMNA	DAB2	EIF2AK2	HSP90AB1	KLF16	HNRNPUL1	PSMA3	INCENP	TBC1D4	PAK2	VIM	CYTH2	EDAR	MAP1B	BCLAF1	BTK	HIST1H2BM	SCN4A	MAPK9	VASP	RPL10	BCKDHA	DCX	ZMYM2	NCF1	PPP1R14B	PPP1R14A	GABRG2	PTH2R	RRAD	EEF2K	PKP4	XRCC4	GPHN	OTUD7B
PRKCD	na	MET	BDKRB2	EEF1A1	RPS6KB2	PRKD1	PTPRA	MAPT	IRS1	SRC	IL6ST	CREBBP	FAS	LIMK2	MUC1	FSCN1	RPS6	PTPN22	HNRNPK	KLF5	ADRBK1	TAGLN	GNAZ	NFE2L2	ADD2	ADD1	SDC4	PKD1	DAB2	OPRD1	STAT3	STAT1	PEBP1	HABP4	YWHAH	EIF2S1	ADRB2	CYTH1	YWHAB	KCNJ4	YWHAZ	AKT3	KCNJ1	MEP1B	MAPK8	PLSCR1	NCF1	ADRA2A	GSK3A	PPP1R14A	GRM5	EP300	PRKCD	CHAT	PLCB1	ITGB2	EGFR	ITGB7	NCF4	KRT8
PRKCE	na	OPRD1	TNNI3	CHAT	MET	MYBPC3	IQGAP1	PRKCE	KRT18	GABRG2	SLC4A3	ADAP1	GRM5	TRPV1	GAD1	GJA1	PRKD2	PKD2	RPS6KB2	PPP1R14A
PRKCG	na	PRKCG	RPS6KB2	SDC2	IRS1	GRIN2B	GJA1	KCNC4	ADRBK1	VTN	GRIA4	OCLN	GRIA1	STXBP1	DAB2	CASR	PEBP1	HABP4	PA2G4	CYTH2	NRGN	CD5	TOP2A	GSK3A	GRM5	CHAT	EIF4E
PRKCH	na	PRKCH	SYP	PKD1	ITGB2	PRKD1	PRKD2	PKD2	PTPN11
PRKCQ	na	ANXA4	RASGRP3	IKBKB	PPP1R14C	GRM5	STK39	WIPF1	ICAM3	DLGAP4	MSN	CHUK	IRS1	CARHSP1	ERAL1	PRKCQ	HABP4
PRKCT	na	IRS1	PTPN7	STK39	PRKCQ
PRKCZ	na	NUMB	MET	PRKAR2A	RPS6KB2	IRS1	AQP9	WWC1	IKBKB	PRKCD	CASP9	PRKCA	FAM13A	ADD2	ADD1	PRKCZ	CLASP1	PEBP1	HABP4	YWHAB	STK11	RELA	MARK2	AKT1	AKT3	NCF1	PPP1R14A	GRM5	PSEN1	CHAT	GEM
PRKD1	na	EPAS1	PLCG1	KIDINS220	PPP1R14A	HDAC5	HDAC7	PRKD1
PRKDC	na	COPA	DAGLA	HMGA1	GAP43	RPS6	BSN	RFC1	SLC4A1	ACTN1	CLASP1	KCTD12	RGS14	ANAPC5	VPS72	ANAPC1	EIF3C	RAD50	PHKA1	F9	SYN1	CACNA1S	CDC16	IDH3A	ATM	NBN	PHC2	CFTR	KHDRBS1	EIF4B	ITGA2B	MDM2	SRF	IL16	SRC	IKBKB	ERBB2IP	H2AFX	MAP4	TERF1	IRS1	IRS2	LSP1	PPP1R12A	MANF	RHO	CHEK2	CHEK1	NFE2L2	WRN	XPA	ABLIM1	SPAG9	STXBP1	FNBP1	EPN2	GABRB1	LAT	MAZ	GABRB2	DLG4	ACACA	PRKAB1	INA	PTK2B	TUBGCP6	NFKB2	SFRS2IP	FANCD2	GYS1	SSTR3	LASP1	ANLN	MEF2C	BCL2L11	ARVCF	MRE11A	TP53BP1	RPA2	NASP	MYF5	CGN	MAPT	ADRB2	TCEB3	ITPR1	SMC1A	THRAP3	ZMYND8	RPS6KB1	RAD9A	TP53	ATP2A2	DLGAP1	AQP4	PRKD1	THRA	ACAP2	EIF4G1	SAPS3	KLF1	SFRS16	BRCA1	CSNK1E	PRPF4B	RAF1	SPTAN1	RYR2	SMC3	PPL	FPR1	E2F1	RBBP8	TPR	GTF3C1	PRKDC	SPTBN1	ETV1	ABL1	ARFGEF1	TNKS1BP1	SFRS8	ARFGEF2	EIF4EBP1	VIM	MATR3	SNAPIN	CDS1	SVIL	GFAP	CANX	CACNB2	LIG4	LRP1	GNAZ	SRRM2	LMNA	PPP1CB	RAD17	POP1	JUN	EFTUD2	HSP90AA1	STK11	CDC25A	CIITA	LIPE	MAP1B	CNN1	SAFB2	PAPOLB	DCX	NCF1	RIMS1	MLLT4	ENAH	NR3C1	XRCC4	XRCC5	CTDP1	MAGED2
PRKG1	na	HSPB1	INCENP	BRAF	KIAA1244	LATS1	ATF2	RPS3P2	CD5	RAP1B	CACNA1S	PRKG1	PLK1	PPP1R12A	PLCB3	CFTR	PFKFB1	PIK3CG	PDE5A	MIP	CLMN	KIT	C14orf4	GKAP1	AURKB	ANXA1	C7orf16	TRPC3	SYN2	CREB1	SPP1	PAK2	NFATC1	ARHGEF7	LASP1	KIAA0776	MAPT	ADRB2	PDPK1	CGB	FHOD1	SEPT3	DLGAP2	MRVI1	MAP3K7	C1QA	GJB1	OSR1	RYR1	TERT	CAST	GABRR1	KRT19	CHRND	SF1	DNM1	RGS2	SPTBN1	APC	MAP4K4	VIM	SFRS7	SFRS5	TTN	FGA	CRYAB	CRYAA	GFAP	SON	GTF2I	GNA13	CBL	SRRM1	SRRM2	EIF2AK2	HRH1	PAK1	PHKG1	AURKC	MARK1	MAP1B	H2AFX	CRIP2	VASP	DCX	NCF1	CCNY	RIMS2	PLEC1	ABCA1	ITPR1
PRKG2	na	PRKG1	PRKG2	PTS	PLCB3	CFTR	LASP1	VASP
PTK2	na	WASL	PTK2	BCAR1	ACTN1	BMX	PXN	TRIO	ATP2B4	SH3GL1
PTK2B	na	ASAP1	SNCA	PTK2	PTK2B
PTK6	na	PXN	KHDRBS1	PTK6	C9orf78
PTP1B	na	PRKCD	SRC	PAK2	PDGFRB	INSR
PTPN11	na	SRC	PTK2	PTK2B	(PTPN11)	GAB1	PDGFRB
PTPN22	na	LCK	ZAP70	SRC
PTPRA	na	EGFR	SRC	INSR
PTPRJ	na	MET	RET	PDGFRB
RAF1	na	RAF1	BAD	MAPK1	MAP2K1
RET	na	STAT3	MAPK14	DOK1	PLCG1	AKT1	PDK1	MAPK1	PTK2	RET	PDPK1	MAPK9	MAPK8
ROCK1	na	CASKIN1	MYL12A	MARCKS	PTK2	MYL2	RDX	EZR	ARHGAP24	LIMK2	PPP1R12A	DPYSL2	KCNH2	ADD1	MSN	DES	GFAP	CFTR	PTEN	DAPK3	VIM	LIMK1
ROCK2	na	RDX	PPP1R14A	EZR	PPP1R12A	DPYSL2	ADD1	MSN	LIMK1	IRS1	GFAP	VIM	LIMK2	DES
RPS6KA1	na	SRF	CEBPB	PURG	FAM53C	METTL1	SIPA1L1	ESR2	ESR1	ETV1	IRS1	TLE3	LSP1	KIAA1715	ADD2	SLC4A3	TSC2	CREB1	RPS3P2	PPP1R3A	PCTK1	STK11	MTOR	L1CAM	RPS6KA1	RPS6KA3	BAD	DAPK1	SLC9A1	CCNY	GSK3B	KIAA0776	NR4A3	NR4A2	KDM2B	FOS	EEF2K	GMFB	NR4A1	FLNA	NFKBIB	NFKBIA
RPS6KA2	na	SRF	DAPK1	L1CAM	GSK3B	RPS6KA2	FOS	STK11	SLC9A1	ESR1	RPS6KA1	EEF2K	BAD	GMFB	CREB1	FLNA	TSC2
RPS6KA3	na	MAP4K1	FOXO4	CEBPB	FOXO3	FOXO1	RDBP	BAD	GRIN1	PPP1R8	PNN	ETV1	PHKA1	EEF2K	CTNND2	KIAA1244	HTR2C	JPH3	LATS1	ITGA4	CASP9	FNBP4	TRIP12	EPB49	RYR2	BPTF	HDAC4	ABCB1	EPB42	SF1	ATF4	SYNRG	FBP1	ATN1	RBL2	PAH	YWHAH	C11orf30	MOCOS	PPIG	CACNA1C	SLC9A1	EVL	KCNH2	YWHAZ	LMO7	RAP1B	TOP2B	TRRAP	PPP3CA	SYN1	CACNA1S	TNNI3	KIF1C	REL	SNPH	AQP2	GSK3A	GSK3B	TRA2B	HSPB1	AHNAK	CAMK1D	ATP2A2	CAMKK2	NOS3	CFTR	SSFA2	EIF4B	WIPF1	FLNA	HIST1H1D	PFKFB2	MDM2	SRF	UBA1	SPTBN1	SRC	RBM7	TPX2	SHANK2	ATXN1	ATXN7	MACF1	SDC2	TAF2	SASH3	ZFP106	MAP2	EBAG9	DCLK1	IRS1	CDC23	IRS2	THRA	AANAT	AURKA	NBN	USP8	IL1A	CHEK1	CRYBA2	ABLIM1	SPAG9	ADD1	TPH1	EPB41L1	EPB41L2	FNBP1	PEA15	EPN2	CREB1	GABRB1	EIF2B5	GABRB2	DLG4	BRAF	PRKAB1	GRIN2D	PCTK1	AR	NFATC2	ARHGEF2	LCP2	DYNC1I1	CAMK2G	CCND1	PAK2	RBM15	RPS6KA1	GYS1	RPS6KA3	SSTR3	NES	SFRS16	DAPK1	LASP1	HIST3H3	PDS5B	IFI16	SLC9A3R1	ANK2	RIN1	BSN	NR4A1	CAPN1	CRYAA	FOS	MAPT	WARS	PUM2	SKIV2L	ADRB2	GMFB	PLIN1	PHKB	ITPR1	LRBA	CDC2L5	S1PR1	THRAP3	INCENP	MTOR	TCF20	BCAS1	CDKN1B	ZNF295	CDKN1A	TP53	ESR1	DLGAP4	DLGAP2	SMARCC1	PRKD1	HNF4A	SASH1	ACLY	PPP1R9B	PRKAR2A	MEF2D	SMARCC2	MEF2C	FOXL2	ZFP36	MYLK	ADD3	SFRS18	KIF2C	MAP3K3	PLEC1	ABCA1	NOLC1	TRIM28	RRN3	TSC2	BRD3	KLC2	RYR1	TERT	MAP3K8	PRDM2	EXOC2	CD44	SCN2A	DLGAP1	KRT18	SMAD2	PTGER4	PDE4B	CHRNG	CHRND	EIF5B	MYL9	KIF23	PTPN12	RAF1	HAND1	CIT	WT1	GTF3C1	SLC24A2	UBN1	SORBS1	SPTBN4	PRKCQ	TNKS1BP1	ARFGEF2	RAP1GAP	CIC	LBR	SFRS2	MAP3K11	CTDP1	SFRS7	NFKBIA	ARHGAP12	SEC24B	MATR3	MET	IFNAR2	PRKAR2B	PCLO	HES1	HIRIP3	XPO1	CYP2F1	CASKIN1	C20orf30	ADAM17	PPP1R3A	ADRA1B	STMN1	NFATC4	PRPF4B	YWHAB	HSF1	NEDD4	C14orf4	PLCB3	MAP2K1	PTH2R	PDC	VTN	SRRM1	SRRM2	LMNA	HMGN2	HMGN1	TH	SMAD3	DAB1	SAP30	PSMA5	PRKAR1B	CTR9	PPP1R1A	MAP1S	GRIN2B	CDC2	TBC1D4	RSF1	DNAJC5	VIM	STK11	CDC25A	MARK1	LIPE	PKLR	MAP1A	TCAP	MAP1B	BCLAF1	CARHSP1	HIST1H2BM	SCN4A	PDE3B	VASP	CFL2	DCX	ITSN1	TJP2	NCF1	PPP1R14A	RIMS2	GABRG2	PTPN7	E2F1	COBL	FUSIP1	RRAD	CNP	DDX23	PKP4	OPRM1	HDAC7	CPEB1	GPHN	PRKAA1	PDE1B	ACO1	PFKM
RPS6KA4	na	ATF1	CREB1	HMGN1	RPS6KA4
RPS6KA5	na	EIF4EBP1	STAT1	HIST1H2AM	STAT3	TH	STK11	RELA	RPS6KA5	HMGN1	ETV1	BAD	C9orf78	ATF1	HIST3H2A	CREB1	NR4A1	HIST3H3	PLA2G4A
RPS6KB1	na	MTOR	FADD	RPS6	RPS6KA3	RPS6KB1	POLDIP3	STK11	CAMK2D	MAPT	RPS6KA1	EEF2K	ZNF509	RPS6KA2	EIF4B	PDPK1	DAGLA
RPS6KB2	na	HSPB1	RPS6	KRT18	LMNB1	EEF2K
SDK1	na	YWHAB	YWHAZ	YWHAH
SGK1	na	FOXO4	MATR3	FOXO3	GRLF1	FOXO1	TCF20	SLC1A3	ZNF295	DLGAP4	DLGAP1	GFAP	NDRG1	NDRG2	BRAF	BSN	PRPF4B	MAP3K5	WNK4	MAP3K3	SRRM1	WNK1	PLEC1	C9orf78	EIF5B	CREB1	CRYAA	PCLO	FANCA	PCTK1	PPP1R1B	SCN2A	TBC1D4	DNAJC5	CD44	MARK1	KCNJ1	PPP1R8	CARHSP1	KIF23	HIST1H2BM	EBAG9	VASP	TNNI2	NEDD4L	HTT	MAPT	CCNY	GSK3A	GSK3B	GRM5	AHNAK	TNKS1BP1	RRAD	CRYBA2	LBR	RREB1
SGK2	na	BRAF	NEDD4L	FOXO3	HTT	FOXO1	GSK3B	MAP3K3	KCNJ1	CREB1	NDRG2
SGK3	na	BRAF	NEDD4L	FOXO3	HTT	FOXO1	GSK3A	GSK3B	MAP3K3	KCNJ1	CREB1	NDRG2
SHB	na	FGFR1
SIK1	na	IRS1	CRTC2
SRC	na	DAG1	BDKRB2	CDH5	CDH2	FER	PTPRA	ADRBK1	GRB10	MUC1	CTNND1	ENO1	DOK2	HNRNPK	CD33	MPZL1	CDC2	SH3GL1	STAT3	STAT1	RGS16	DNM1	GIT1	SYK	SHC1	PDCD6IP	EMB	NAPG	NOS3	RET	ZAP70	INPPL1	SRC	GNB2L1	GRLF1	VCL	HLA-B	HLA-A	IGF1R	SPRY2	KIT	CEACAM1	TXK	CTNNB1	ANXA2	KCNA3	GAB2	PTK2B	PXN	ABLIM1	CLTC	FNBP1	DAPP1	LYN	CUGBP2	PLCG2	GRIN2B	GRIN2A	PLCG1	BCAR1	SNCA	RPS6KA3	ATP2B4	GJA1	PLSCR1	STAT5B	PTK2	STAT5A	VAV2	KCNB1	LCK	ARRB1	PDK1	HINT1	PDPK1	PIK3R1	GRB2	RPS6KB1	RPS6KB2	CDKN1B	ESR1	PRKD1	FYN	IKBKB	PRKCI	MYLK	CDC42	FHIT	EPHB2	PTPN6	RAF1	SPTAN1	TRIP6	TERT	TRIP4	WASF1	ARAF	TRPV4	RAPGEF1	CDK4	PVRL2	AKT1	GAST	AFAP1	RRAS	JAK2	CTTN	EGFR	EZR	ABL1	SH3BP2	ITGB3	PIP5K1C	NFKBIA	ARHGAP12	MET	TKT	ADAM15	ADAM12	CD79A	GTF2I	PRKCD	LRP1	JUP	CBL	DDR2	BMX	CSF2RB	GSN	PKD1	EFS	DAB1	PAK2	MAP1B	NTRK1	CAV2	CAV1	BTK	ANXA1	WWOX	CHRNA7	TGM2	VIL1	CDCP1	AIP	STAP2
STK10	na	ADRB2	PLK1	STK10
STK11	na	SIK2	BRSK2	PRKAA1	PRKAA2	MELK	QSK	STK11	SNRK	MARK1	SIK1	MARK3	BRSK1	PTEN	MARK4	STK10	STRADA	BRPS6KA1	BRPS6KA3	NUAK1	MARK2	NUAK2
STK16	na	STK16
STK17B	na	STK17B
STK3	na	STK38L	STK24	STK3
STK38	na	STK38
STK4	na	STK4
SYK	na	FCGR2C	FCGR2A	IL15RA	TUBA4A	LCK	BLNK	CBL	PRKCA	PRKCB	SLC4A1	LAT	PLCG1	DUSP3	LCP2	TYROBP	SNCA	BTK	SYK	SHC1	HCLS1	TUBA1A	EMB	SH3BP2	MAP4K1	ITGB3	PTK2B
TAF1	na	GTF2A1
TAK1	na	MAP3K7	PTPN3
TBK1	na	IRF3	NFKBIA	RELA
TBP	na	GTF2A1
TEC	na	ITK	BDP1	TEK	BMX	EMB	PTPN18	BTK	TEC
TEK	na	TEK
TESK1	na	TESK1	CFL1
TGFBR1	na	SMAD1	SMAD2
TGFBR2	na	TGFBR1	TGFBR2	ADRB2
TNIK	na	TNIK
TRPM7	na	TRPM7	ANXA1	MYH9
TTK	na	CHEK2	CDS1	TTK
TXK	na	CTLA4	LCP2	TXK
TYK2	na	STAT2	STAT1	STAT5B	GNB2L1	IFNAR1	IL13RA1	IL10RA	TYK2
UHMK1	na	PAM	MBP	SYN1	CDKN1B
VEGFR1	na	FLT1
VEGFR2	na	KDR
VRK1	na	TP53	ATF2	HIST1H3J	JUN
WEE1	na	WEE1	CDC2	CDK2
WNK1	na	WNK4	STK39	WNK1	OXSR1	OSR1	SYT2
YES	na	CDK4	CBL
YES1	na	CBL	CDKN1B	CD46	YES1
ZAP70	na	ZAP70	SHC1	MAPK14	GAB2	SH2B3	DUSP3	LCP2	DBNL	LAT	MUC1
