ABL	na	ZAP70	PKD1	MET	PPM1B	PRKD1
ABL1	na	MAP4K1	CRKL	EMB	CDKN1B	RAD9A	NFKBIA	EGFR	CAT	PKP4	CBL	RAD52	ABL1	CRK	PSTPIP1	DAB1	BCR	CAV1	MYOD1	WASF2	JUN	APBB1	TOP1	DOK1	JAK2	ZAP70	DCX	PXN	ANXA1	MAPT	MUC1	ACAP2	LASP1	MDM2	PTPN6	YAP1	PLSCR4	PLSCR1	WASL	RIN1	TP73	CASP9	GPX1	MET	GRB2	CDK5	RAD51	PRKD1	BTK	CD19
ABL2	na	GPX1	CRK	NFKBIB	SIVA1	CAT
ADRBK1	na	PDGFRB	BDKRB2	RPLP2	SNCA	OPRM1	ADRA2A	EZR	TUBB3	ADRB2	OPRD1	FPR1	HRH1	MC4R	PDE6G
ADRBK2	na	OPRK1	OPRM1	BDKRB2	CCR5
AKT1	na	SMARCC2	SMARCC1	PKMYT1	AKT1	RPS3P2	EEF2K	MAP3K8	LBR	ITSN1	CCDC88A	RYR2	C11orf30	MAP3K5	DLGAP2	WEE1	IRAK1	MYT1	BRCA1	WNK1	CREB1	STK4	MDM2	MDM4	GATA1	GSK3A	PTPN12	MST1R	GSK3B	PTEN	YBX1	PAK1	NFATC2	CDKN1B	CDKN1A	GAB2	GTF3C1	PPP1R1A	TP53RK	SAP30	TSC2	MST1	PPARGC1B	AKT1S1	CDK2	CHEK1	PLCB3	CHUK	MAP1S	PTPN1	EIF4B	ESR1	HMOX1	HTT	EIF4EBP1	MAP3K3	FLNA	SYN1	SFRS16	NCF4	BAD	XIAP	THRA	RAF1	S1PR1	PDE3B	FANCA	PDCD4	DLC1	GATA2	PRKAA2	OPRM1	SH2B2	EP300	YAP1	TJP2	MAP2	METTL1	IRS1	IRS2	LMO7	CDC2L5	ADRB2	PRKD1	SRRM2	MAP2K4	FRAP1	FOXO3	FOXO1	EZH2	HAND1	FOXO4	UBN1	YWHAZ	PRICKLE3	MAP3K11	SFRS7	FAS	SFRS2	PEA15	TERT	TRA2B	ITGB3	NOS3	RAC1	NR4A1	AR	LMNA	PFKFB2	CASP9	NEDD4L	FUSIP1	BRAF	MTOR	ATXN1	SFRS18
AKT2	na	SIK2	ESR1	KIAA1244	CASKIN1	CHUK	EZR	MAP3K5	ZFP106	XIAP	AKT1S1	FOXO4
ALK	na	STAT3	ALK	PTPN11	SYP	NPM1	ZC3HC1
ATM	na	RAD17	ERBB2IP	RAD9A	STK11	PRPF4B	IKBKB	AKT1	IKBKG	CANX	PPP1R2	NFE2L2	RYR2	LIG4	DCX	BRCA1	LIPE	WRN	XPA	CREB1	ABLIM1	TPR	MDM2	MDM4	NFAT5	RBBP8	MAGED2	MAZ	H2AFX	VIM	PTEN	POP1	TERF1	LAT	CFTR	VPS72	MATR3	GAP43	JUN	SSTR3	CHEK2	CHEK1	SMC1A	CDC25A	EPN2	BLM	TOPBP1	ANAPC5	NASP	TP53	EIF4EBP1	PSEN2	SYN1	ATM	PRKDC	STXBP1	RPS6	SLC4A1	FANCD2	ABL1	WDHD1	MRE11A	CACNB2	SMC3	BSN	NBN	NFKB2	RIMS1	EPB41L3	SRF	THRAP3	HMGA1	LASP1	GABRB2	TAOK1	F5	CDS1	ADRB2	RAD50	HSP90AA1	PRKD1	SAPS3	TCEB3	CTNNB1	PLEC1	DCLRE1C	SPTBN1	SFRS8	MLLT4	PPL	KLF1	SNAPIN	NR3C1	ITGB2	CLASP1	TP53BP1	LMNA	PAPOLB	PPP1CB	E2F1	SRRM2	RPA2	SFRS16	ATF2
ATR	na	BRCA1	MARCKSL1	TREX1	RAD17	E2F1	CDS1	XPA	ATM	CREB1	PRKDC	ATRIP	MCM2	TP53	MDM2	CHEK2	CHEK1
AURKA	na	BRCA1	TACC3	TP53	PLK1	CDC25B	DLGAP5	CPEB1	CENPA	LATS2	ADRB2	HIST2H3C	AURKA	MBD3	NDEL1	HIST1H3J	RALA
AURKB	na	INCENP	DES	ATP2A2	RACGAP1	GFAP	BIRC5	NSUN2	AIM1	KIF23	CENPA	VIM	HIST1H3B	H3F3B	AURKB	HIST1H3J	SEPT1	KIF2C	MYL9
BCR	na	MLLT4	FAS	YWHAQ	YWHAZ
BRAF	na	MAP2K2	MAP2K1	BRAF
BRPS6KA1	na	CDC25C	CDC25B	WEE1	BRPS6KA1
BRSK1	na	CDC25C	CDC25B	WEE1
BTK	na	TEC	ITK	EMB	BCAR1	EFS	DOK2	PLCG2	STAT5A	DAPP1	PXN	BMX	GTF2I	WAS	BTK	CD19
CAMK1	na	NOS1	ACACA	HDAC4	EIF4G3	CAMK4	SYN1	CAMK1	CAMKK1	HDAC5	PLN	EP300	ATF1	KRT18
CAMK1D	na	CAMK1	EP300	ACACA
CAMK1G	na	CAMK1	EP300	ACACA
CAMK2	na	PLA2G4A	MYLK	TH
CAMK2A	na	HSF1	ATP2A2	GABRG2	GRIA1	EGFR	SMAD2	IL6ST	PLCB3	CHAT	PLEC1	KRT8	ITGB1BP1	DLG1	CEBPB	MYOG	RYR2	CAMK4	ITPKA	PEA15	ETS1	TH	HRH1	YWHAB	GFAP	PPP1R14A	ERBB2	NOS1	KCND2	SRF	CLCN3	QDPR	ALOX5	LRRC7	CAMK2A	CREB1	SYNGAP1	CFL2	FLNA	GABRB1	PLA2G4A	PDC	ADCY3	VIM	GRIN2B	GRIN2A	MAPT	PLN	KRT18	VPS72
CAMK2B	na	HSF1	ATP2A2	GRIA1	PLCB3	VPS72	DLG1	CEBPB	KRT8	PEA15	ETS1	TH	GFAP	PPP1R14A	KCND2	QDPR	CREB1	COL4A3	CAMK2B	ADCY3	GRIN2B	GRIN2A	FLNA	KRT18	CFL2
CAMK2D	na	HSF1	ATP2A2	GRIA1	PLCB3	KRT8	DLG1	CEBPB	PEA15	TH	YWHAB	GFAP	PPP1R14A	KCND2	CAMK2D	QDPR	CREB1	CFL2	ADCY3	VIM	CREM	FLNA	VPS72	KRT18
CAMK2G	na	HSF1	ATP2A2	RRAD	GRIA1	EGFR	GRIA4	PLCB3	CHAT	KRT8	DLG1	CEBPB	STAT1	RYR1	SPR	PEA15	TH	GFAP	PPP1R14A	KCND2	QDPR	CAMK2G	CREB1	SYN1	CFL2	ADCY3	MYLK	CREM	FLNA	KRT18	ATF1	VPS72
CAMK4	na	NOS1	HDAC5	HDAC4	CAMK1	SPR	CAMK4	CREB1	PLN	EP300	CREBBP
CAMKK1	na	AKT1	PASK	CAMK4	PRKAA1	CAMK1D
CAMKK2	na	CAMK1	CAMK4	PRKAA1
CCNB1	na	MEF2C	KAT5	PBK
CD45	na	FYN	LCK	SLK
CDC2	na	SMARCC2	SMARCC1	CRKL	SNAP91	DBN1	C11orf30	SKIV2L	ESPL1	SCN4A	WEE1	DHX9	ARHGEF12	TCOF1	MUC1	PIK3C2A	ABLIM1	DHX29	IFNAR2	ORC1L	GRB10	WHSC2	DDX42	LAT	ACLY	ODF2	MLL4	GABBR1	PPP1R1A	PPP1R1B	ATN1	PCLO	NF1	CDC25B	GRM5	ZNF516	PDLIM4	BLM	CUX1	ANAPC1	ZEB1	ANAPC4	RPS6KA3	RPS6KA4	CSNK2B	PRDM2	MYBBP1A	ZNF295	POLR2A	KRT18	GIGYF2	TLE3	FOXM1	CDC2	CBFA2T2	TSC1	NCOA3	NCOA1	ASPH	PTTG1	LIMD1	RXRA	SPIB	DNM1	CHTF18	LEF1	NFRKB	APBA2	TP73	RBM6	CTTN	EGFR	WRNIP1	BAD	CHAF1B	NDE1	PLEC1	BIN1	EPS15	PPFIA3	PPFIA1	FIP1L1	GFAP	TRA2B	CNOT4	NOLC1	FGFR1OP	LCP2	KLF16	PARD3	E2F1	ANK1	ANK2	NCL	EEF2	ZFPM1	NEFH	IKBKB	PKP4	DAB1	USP20	RARA	LBR	FADD	RAB5B	PALM	OSBPL11	VIM	PAK6	PAK7	PAK1	CTPS	NFATC3	FUBP1	KHDRBS1	KAT5	MED1	EXO1	NCOR2	INCENP	BUB1	TK1	GJA1	NASP	MAPK8IP1	SRRT	MEF2C	MEF2A	CREM	MCM3	ZNF335	PI4KB	DPYSL2	KIF11	COASY	RPS6KB1	FANCG	DIDO1	RANBP2	PHACTR1	SNW1	DUT	CXADR	NCK2	KIF1B	TCF20	IRS1	IRS2	ZFP36	CDK7	PTK2	PHF12	GRSF1	CEP55	SF3B1	PRDX1	RPRD1B	SORBS1	CASP9	RERE	CEBPB	RB1	KDM4B	AURKA	ABCB9	CDC5L	MLL	SCML2	LMNA	CALD1	CTNNA2	DDX23	SPAST	NOTCH2	CACNG2	POU2F1	BPTF	ADD1	RAB4A	RAD9A	PRPF4B	PPP4R2	CCNT2	BCLAF1	CACNA1G	MARCKS	NSFL1C	DCX	NUP214	NUP210	BRCA1	DMAP1	PCYT1A	ADCY6	RBBP8	SOS1	RBBP6	KIF22	SPEN	GBF1	HELB	CDC16	SLC9A1	PPARGC1A	ZYX	SMARCAD1	CHEK2	CHEK1	MAP1B	POM121	PRKAB1	HOMEZ	EPN1	MAP1S	UBA1	PTPN2	PTPN1	LMNB2	LMNB1	TNFRSF1B	ESR1	UBE2A	RPAP1	EIF4EBP1	SYN3	SYN1	BAG3	KRT8	BCR	STAT3	ZHX1	FOSL2	BCL7C	EPB41L1	SRC	EPB41L2	SMTN	TP53	NEUROD1	PLXNA2	IL16	CDC2L5	LGTN	TMPO	MAP4K4	BIRC5	MAP2	MAP2K1	MAP4	SPTBN1	MYBL2	RAP1GAP	ECT2	MLLT4	MYOD1	PTHLH	SON	ESRRA	PKN1	PKN2	HSPB8	MCM4	TP53BP1	FLNA	SQSTM1	PPP1CA	SRRM1	RPA2	POGZ	MAPT	ERBB2IP	ISL2	APLP2	CANX	NES	TRERF1	STUB1	GOLGA2	FLII	PHC3	PTBP2	MYC	MYB	IREB2	DDIT3	DDX3X	RANGAP1	UBR1	CSNK2A1	FUT11	EEF1D	FZR1	CTR9	KDM5A	STMN1	STMN2	DES	C9orf5	FEN1	MAPKAPK2	ASXL2	AKT1S1	NR5A1	CDC7	TOP2A	SIRT2	SIRT1	CDC25C	MN1	CDC25A	SGTA	GYS1	PAK1IP1	DYNC1LI1	EVPL	ITPR1	PBK	AMPH	TAF3	TAF2	CDC27	CDC23	CDC20	CASKIN1	NFATC2	MAPK10	ABL1	NCAM1	CACNB2	CACNB4	PCTK1	HNRNPK	KDM6A	MAPK8	SNRNP70	DUSP1	RCC1	HMGA2	HMGA1	UNC13B	KCNB1	HIST1H1A	HNRNPUL1	MAPK8IP3	C4orf8	ID2	SREBF1	PITPNM1	EP400	KIF20B	CIC	MKI67	JUNB	JUND	CRYAA	LATS1	RRM2	ELF1	BCL2L11	SFRS9	SFRS8	SFRS5	SFRS2	TH	HNRNPD	TSSC4	SNTA1	ANLN	AAK1	NDEL1	USP19	NPM1	SSBP4	NFIB	PCDH1	SFRS16	GRIN2A	DNM1L	SFRS18
CDC42BPA	na	SRC	LIMK1	LIMK2	CDC25B	SRRM2	ARHGEF2	MYL2	PPP1R12C	CIITA	IL1R1
CDK2	na	SMARCC1	SYNPO	JPH1	ZMYM2	ZMYM3	PLEC1	CAMK2D	CAMK2G	MYBL2	ABLIM1	ABLIM2	UBE4B	GTF2F1	AKAP1	ORC1L	DDX42	SYAP1	POP1	ARHGAP12	ACLY	CDKN1B	CDKN1A	PDS5B	PUM2	GTF3C1	BAZ2A	PPP1R1B	SOX11	PEPD	TTK	PCLO	TSPYL2	SNPH	PPARA	ANAPC1	RPS6KA1	RPS6KA4	TFAP4	ATXN7	TLE3	SMAD2	SMAD3	FOXM1	CDC6	TSC1	NCOA1	SMC4	BSN	MARCKS	RBM14	PTTG1	MOBP	SLCO4A1	RIMS1	EGFR	MECP2	RXRA	TNKS1BP1	PRKAR1A	CP110	TP73	LMO7	CBLC	CTTN	PSMD1	PRC1	BIN1	CCNA2	MYOD1	PPFIA1	MAD1L1	UBTF	PGR	TRA2B	RNMT	NOLC1	REST	FGFR1OP	PLA2G4A	E2F5	SNW1	E2F1	RBMX	ANK1	ANK2	RAD18	SF1	PKP4	DAB2	USP24	LBR	EIF3B	EIF3C	CDKN2D	PALM	TERF2IP	SEC24B	ARID1A	CCND1	ELK1	PAK1	NFATC2	NFATC3	MSL3	KHDRBS1	ADCY9	MED1	HIRIP3	MYCN	SAP30	CCNE1	NES	ATRIP	RRBP1	TCF3	UBE2E3	CCDC6	TK1	EIF4B	SRRT	MEF2D	ATN1	SNX26	CREBBP	HDAC6	EIF2B5	STXBP1	KIF11	MLF2	PSEN1	H1FX	RPS6KB1	IFI16	SIPA1	RANBP2	PCIF1	UNG	DUT	TJP2	API5	NCK2	IRS1	STX7	CDK2	CDK7	COBL	POLA1	SF3B1	USP5	MSH6	NFYA	EZH2	NR1D1	CASP9	SMARCA5	SOX4	CEBPB	AXIN1	MAP3K11	RB1	ETS2	PRKCB	MLL	AP2A1	SCML2	LMNA	CALD1	SLC20A1	NSUN5	NOTCH2	CUL4B	PTHLH	HSF1	ADD3	ADD2	ADD1	PRPF4B	RAPGEF6	TOPORS	DEAF1	CACNA1E	DLGAP2	DLGAP1	ZC3HAV1	DCX	EIF4ENIF1	BRCA1	ZMYND8	BRD4	COIL	MDM2	BRD2	BRD3	PCYT1A	PCYT1B	HIRA	RBBP6	KIF22	RUNX1	SLBP	EPB49	ID2	IRS2	SEPT5	EIF5B	DAXX	SLC9A1	AHNAK	JUN	PPARGC1A	AFF1	RAPH1	SMARCAD1	RBM39	PLCB1	MAP1B	FOS	MAP1S	PTPN2	LMNB1	TP53	ESR1	UBE2A	RPAP1	SYN1	MKNK2	PHF16	CTDP1	RPS3	BCR	STAT3	ZHX3	CAST	MARK1	PSMA5	BCL7C	EPB41L1	SRC	THRAP3	TAL2	ERCC5	TPD52L2	ATRX	NEUROD1	SGK1	CDC2L5	CDC2L2	PPIG	C14orf4	MAP4K1	MCM3AP	BIRC5	MAP2	MAP4	SMAD4	SPTBN1	PRICKLE3	RAP1GAP	BCLAF1	MCM4	TP53BP1	MCM2	GFPT1	SQSTM1	PPP1CB	PPP1CA	SRRM1	SRRM2	RPA2	SFRS7	BCL9	MAPT	BCL2	CDX2	RREB1	RCAN1	MYC	MYB	ZFP36	DDIT3	SPAG9	RANGAP1	MGMT	EIF4G2	FZR1	MTA1	XRN2	NEFH	FBXO4	KDM5A	KDM5C	ZNF217	STMN1	STMN2	DES	DCLK1	FMN2	DNM1	ARID4B	CSDA	MAPKAPK2	CHD3	CHD4	ELK3	AKT1S1	PCBP1	CDC7	CDC25A	GYS1	POLR2A	DYNC1LI1	DYNC1LI2	SART1	AMPH	TLK1	TLK2	CDC27	BAT3	BAT2	CASKIN1	CCNK	NCF1	FNBP4	MAP1A	MAPK12	NCAM1	NCOR1	KDM6A	MAPK4	WTAP	RBL1	RBL2	FOSL2	HMGA1	DDX20	HIST1H1D	MAPK8IP1	HIST1H1B	SOS1	TACC3	GJC2	ID3	STAT5B	CIC	MKI67	C21orf66	CRYAB	ADAM17	BCL2L11	UBQLN2	SFRS6	SFRS2	TH	USP6NL	SH3KBP1	SIN3A	CLASP2	AAK1	NDEL1	NPM1	SHANK2	NFIC	SFRS16	SFRS15
CDK3	na	SLC4A10	KCTD15	YLPM1	CDK3	CABLES1	KIR3DL1	C9orf82	GLCCI1
CDK4	na	CEBPA	RBL1	RBL2	UBTF	RB1	SMAD3
CDK5	na	PTK2	ERBB3	SUDS3	STXBP1	MAP2K1	STXBP2	MAPK10	NTRK2	DAB1	NES	PPP1R1A	PPP1R1B	STAT3	WASF1	PPP1R2	PSEN1	CACNA1C	ADRB2	CASK	PCTK1	TH	PPP1R9B	SRC	DCX	NDEL1	PTPN2	AMPH	TP53	PPP1CA	PIP5K1C	APP	EZR	MEF2A	GRIN2A	CDK5	MAPT	DNM1	PAK1	SYN1
CDK6	na	CTNNB1	CDKN1A	CEBPA	RBL2
CDK7	na	ICK	RARA	TP53	E2F1	PCGF6	ESR1	CDK2	CDK4	MCM2	CDK6	CDK7	LASP1	CDC2	POU2F1
CDK9	na	CDK9	POLR2A	TP53
CHEK1	na	TLK1	CLSPN	CDC25C	CDC25B	CDC25A	TP73	MCM4	RAD51	PPP2R5D	TP53	MDM4	CSNK2B
CHEK2	na	BRCA1	TP53	E2F1	CDC25C	CDS1	CDC25A	MDM4	AATF	CHEK2
CHUK	na	NCOA3	NFKBIA	CCND1	NFKB2	IKBKB	NFKBIB	PIAS1	NFKB1	RELA	NCOR2
CLK1	na	PTPN1	PRICKLE2	LBR	C9orf78
CSF1R	na	MAP4K1	PTK2	SKAP2	VAV2	CSF1R	IRS1	HCLS1	FLT3
CSK	na	RGS16	SRC	CSK	FYN	FGR	MAPK15	PTPRC	PXN	SLK	HCK	LYN	LCK	YES1	GSN
CSNK1A1	na	DPF2	SAT1	NFATC3	EIF2B5	ENAM	CTNNB1	FOXO1	PRG4	SLC4A1	CLTB	PARK2	LEMD3	YWHAZ	PPP1R1B	CASQ1	CAPN1	NEFM	FAS	BID	YWHAQ	PSEN2	SON	DLGAP2	BSN	BACE1	PCLO	CDCA7	DLGAP4	FADD	HNRNPC	KCNIP3	CREM	DAGLA	NEK6	EPB41L3	PDCL3	RPS6KA1	SLC24A2	STON1	AKT2	TNF	TNKS1BP1	RTF1	BLK	APC	LGALS3	RPS6KA4	CSN2	HDAC1	ARID3A	TNK2	TP53	IRS1	CSNK1E	CDK5	ATP1A1	SNCA	SLC18A2	HIRIP3
CSNK1A1L	na	NFATC3	TP53	PSEN2	BID	YWHAQ	CTNNB1	CSNK1E	CDK5	APC	SLC18A2
CSNK1D	na	NFATC3	PHF10	TGFBR2	MAP1A	STAMBP	RFC1	MSH6	PRKDC	MAP2	AKT1	AKT3	SLC4A1	IKBKG	HELB	CAV3	MRE11A	PSEN2	BID	YWHAQ	C11orf30	PSEN1	CACNB4	CTNNB1	CSNK1E	ZAP70	PIK3R1	CDH1	MGEA5	NACC1	RANBP2	MC1R	NFKBIA	SRF	RBL1	GJA1	ANXA9	MAPT	SNCA	OSR1	DHX16	VTN	SPIB	PER2	AGAP2	GRLF1	RTN2	BACE1	APC	MDM2	EPN2	BTAF1	TJP2	FHOD1	TP53	AKAP12	ZFP106	NCL	CDK5	RHO	MEF2D	SLC18A2	C9orf78
CSNK1E	na	SFRS2IP	PRPF4B	LGALS3	PKP3	MFAP1	MYL9	EIF3B	DLGAP2	DLGAP1	MYB	FGA	NPR2	TCOF1	FPR1	CAMK2A	PER3	PER2	PER1	BAZ1B	STK4	SNAI1	USP34	BRD3	SNN	TOP2B	GTSE1	MAX	APC	OSBP	PAK2	VPS72	NFATC3	EPB49	NDRG1	EIF5B	KRT8	CDC16	ABCF1	AHNAK	CHEK2	MAP1B	NACA	HOXB6	IGFBP1	SLC39A7	PDAP1	RPS6KA3	TAF3	SEMA5A	SAFB2	MGP	RRP12	SLC18A2	HDAC1	HDAC2	EIF2B5	PRKAR2A	CTNND1	ITIH2	HSP90AB1	AVEN	PSEN2	CDC34	BSN	CSNK1E	NFKB2	EIF4B	KIF21A	RIMS1	EPB41L3	THRAP3	ERCC5	HTATSF1	OCLN	TP53	TJP2	HDGF	KIF1B	TFIP11	CDK5	PPIG	HSP90AA1	SMN1	SYNRG	EIF5	SF3B2	CTNNB1	GTF2A1	SMARCA2	YWHAZ	AP3B2	VPS24	CASQ2	NEFM	NEFL	BID	YWHAQ	C14orf133	CLIP1	PTPRC	PGRMC1	RTN4	PKN2	CHRM2	ATN1	NPM1	SHANK2	CTNNA2	DDX21	DDX24	SRRM1	SRRM2	ROCK2	PURB	ANK2	G3BP1	TSGA14	DKC1	PALM	EEF2
CSNK1G1	na	NFATC3	TP53	PSEN2	BID	YWHAQ	CTNNB1	FOXO1	CSNK1E	CDK5	APC	SLC18A2
CSNK1G2	na	NFATC3	TP53	PSEN2	BID	YWHAQ	DCLK1	CTNNB1	CSNK1E	CDK5	APC	SLC18A2
CSNK1G3	na	NFATC3	TP53	PSEN2	BID	YWHAQ	CTNNB1	CSNK1E	CDK5	APC	SLC18A2
CSNK2A1	na	HSF1	HDAC1	NCF1	FKBP4	AKT1	ANP32A	CANX	MS4A1	CALM2	PPP1R2	SRPK1	PPP1R8	STARD3NL	HSP90AB1	TSPY1	CDH1	RELA	MYB	PIP4K2A	BRCA1	AQP4	DDIT3	TEP1	GPI	RPS6KB1	CAV1	SP1	RANGAP1	UBE2R2	GMFB	ACCN3	PTMA	PTGES3	MAX	MAZ	TCF7L2	PTEN	RNF7	STC2	CCNH	VPS72	LGALS3	VDR	STMN1	ARRB2	RRAD	CDKN1B	NFKBIA	HIF1A	CLTB	XRCC1	STIP1	MYCN	PPP1R1B	HSPH1	GAP43	SUB1	THRA	EGR1	JUN	CDC25C	PIK3R1	NKX2-5	TOP2A	TCF4	RNPS1	FAF1	CDC25B	HOXB7	GYS1	IGFBP3	POLR2F	UBA1	EEF1B2	PTPN1	F11R	TP53	ESR1	CABP1	HMOX2	MEF2C	MEF2A	EIF4EBP1	CREM	SNCA	L1CAM	SLC18A2	HES6	SSB	STX1A	HDAC3	HDAC2	ACE	GABRR1	TLE1	EIF2B5	PPM1A	CTDP1	CD5	SLC4A1	CDC2	IGF2R	BCR	SPI1	PSEN2	CDC34	IFI16	CDC37	PSMA3	GTF2A1L	TFPI	HNRNPC	LIG1	XK	ACACA	HNRNPA1	HMGA1	SPIB	OCLN	WAS	WEE1	NOL3	MAPK9	F5	KIF1C	PKD2	IRS1	IL16	RGS19	SPP1	ABCA1	HSP90AA1	CSNK2B	SAT1	MYC	MYF5	SSRP1	ERCC3	EIF5	CTNNB1	BAD	GTF2A1	FMR1	SRF	ERH	SPTBN1	EIF2S2	BIK	CASQ2	BID	APEX1	ARNT	PGR	KLF1	HCLS1	PIN4	ASCL1	SHOX	TNF	MCM2	SLK	VTN	PACS1	VAMP4	PTPRC	AIP	C1R	ATF1
CSNK2A2	na	HSF1	MDN1	ZFY	ZFX	SYNPO	ADD1	ZRANB2	IKBKB	LGALS3	IFNAR1	DHX16	MFAP1	ANP32A	SFRS2IP	APLP2	CAV2	CANX	MS4A1	CALM2	PPP1R2	ARHGEF7	EIF3C	PPP1R8	COTL1	THRA	HSP90AB1	LIG1	DLGAP4	SLC12A2	CDH1	RELA	HDGF	C9orf82	MC1R	AQP4	DDIT3	GPI	XPC	SP1	UBE2R2	PIN4	BAZ1B	STK4	USP34	PA2G4	PTMA	LTB4R	MAX	MAZ	AKAP8	TCF7L2	DDX46	PTEN	CTR9	UTRN	CSN2	RNF7	OSBP	VPS72	VDR	RRAD	MAP4K4	NFKBIA	TFIP11	CLTB	XRCC1	RGS19	XRCC5	XRCC4	CRYBA4	CHD1	MYCN	PPP1R1B	HSPH1	GAP43	EGR2	EGR1	JUN	PEPD	AKT1S1	PCLO	PIK3R1	PPP1R9A	CAV1	TOP2A	NACA	FAF1	CDC25B	HOXB7	UNC5D	GYS1	IGFBP3	GRLF1	TRRAP	IGFBP1	UBA1	EEF1B2	SART1	SLC39A7	TP53	TAF2	ESR1	CCNH	CABP1	LGTN	MEF2C	POLR2F	EIF4EBP1	CREM	STON1	SNCA	RRP12	SLC18A2	HLTF	SSB	STX1A	NCF1	HDAC2	SAFB2	RPLP2	RPLP1	EIF2B5	RFC1	CTDP1	PRKAR2A	CD5	SLBP	ARRB2	BCKDHA	CDC2	CBX3	PHLDB2	RNF113A	L1CAM	MRE11A	TBK1	MAPK3	PSEN2	TPM3	IFI16	CDC37	PSMA3	GTF2A1L	RBM10	RTF1	HNRNPC	KIF21A	DIDO1	FBXW7	XK	TRIO	ACACA	HDLBP	HMGA1	SPIB	ASGR2	OCLN	WAS	MYC	STATH	PDCD5	F5	KIF1C	RPLP0	IRS1	IL16	LMO7	SPP1	CST4	PPIG	HSP90AA1	CSNK2B	SAT1	RPS10	MYF5	CHGA	C21orf66	EGFR	ERCC5	MSH6	MCRS1	CTNNB1	GTF2A1	MYB	ERH	EIF2S2	RERE	EPS15	AP3B2	VPS24	CASQ2	NEFM	NEFL	BID	NOP56	APEX1	KDM4B	PGR	KLF1	CDC34	PTPN1	NCL	DPP3	SIN3A	ESRRA	RTN4	PKN2	TNF	TMX1	MCM2	VTN	PACS1	HDAC1	TJAP1	VAMP4	AKAP12	OPRM1	ANK2	PTPRC	DKC1	C1R	ATF1	GMFG	EIF4B
CSNK2B	na	BRCA1	NCF1	TP53	CDC34	BID	HOXB6	EIF5	IRS1	CTNNB1	MME	USO1	OCLN	RNF7	CTDP1	SRPK1	CSNK2B	CD163
DAPK1	na	STX1A	BECN1	MYL12B	CAMKK2	MCM3	TP53	DAPK1
DAPK2	na	STX1A	CAMKK2	DAPK2	DAPK1
DAPK3	na	STX1A	RPL13A	CDKN1A	HIST1H3B	CAMKK2	HIST1H3J	MDM2	MYL9	DAPK3	DAPK1	PPP1R14A
DYRK1A	na	AMPH	CCNL2	SF3B1	SPRY2	FOXO1	DNM1	SNCA	DYRK1A
DYRK1B	na	CCND1	CDKN1B	CDKN1A	SF3B1	HNF1A	DYRK1B
EGFR	na	PLCG1	ERBB2	EHD4	SH3BP2	EHD1	PABPC1	ENAH	CD33	EGFR	EPB41	IFNAR2	PLCG2	USP9X	EZR	CTNND1	CRK	USP24	BCR	MYL9	FYB	EPS15	TEK	CALM2	CALM3	STAT1	CALM1	STAM2	MPP6	ACTC1	HCLS1	KDR	ANXA1	EIF1B	NFKBIA	SCAMP3	SCAMP1	MUC1	HGS	FCGR2A	PTPN1	GAB1	BCAR1	RASA1	FGFR1	RGS16	PLD2	CD5	SYK	VAV2	PKIA	CBL	STAT5B	PTPRE	GRB2	CDK6	TRIP4	PSMB4
EIF2AK2	na	EIF2AK2	TP53	NFKBIA	EIF2A	ADRB2	EIF2S1	PPP2R5A
EIF2AK3	na	EIF2AK3	EIF2S1	EIF2A
EPHB2	na	EPHB2	EFNB2	RRAS	EFNB1
ERBB2	na	ERBB2	ERBB3	FYB	PDLIM1	EGFR	NTRK1	IRS2	EPB41	PTPRE	SEC24B	EPHB2	TSC2	DLG4
ERBB3	na	TWF1	ZNF24	HNRNPH1	PKIA	ANXA1
ERBB4	na	TXNRD1	EGFR	GAST	ERBB4	SPRY4
FER	na	PECAM1	CTTN	NSF	CTNNB1	JUP	FER
FES	na	PECAM1	FYN	FES	BCR	NSF
FGFR1	na	SYNCRIP	CTTN	BCAR1	SH2D2A	FGR	FRS2	PLCG1	RPS6KA3	FGFR2	FLG	FGFR1
FGFR3	na	RPS6KA3	STAT3	STAT1	PLCG1	DYRK1A	FGFR3
FGFR4	na	PLCG1	STAT3	FGFR4	STAT1
FGR	na	SRC	PLD2	FGR	SNCA	HCLS1	CSNK2A1
FYN	na	PDGFRB	G6PD	ACP1	LPXN	ERBB3	SKAP2	SLAMF1	SKAP1	PTPN6	ITPR1	AATK	CTNNB1	CD5	PTK2B	CD247	VAV2	CLTC	ABL1	TYK2	CD79B	GAST	MAPK14	CD79A	FYB	DLG2	TXK	ITCH	ITSN2	FYN	FGR	C14orf133	JUP	CDK6	PIK3R1	TGFB1I1	GTF2I	LDHA	LDHB	EPHB2	SRC	IGF1R	MAG	CAV1	CTLA4	MAX	PRKCD	FCGR2A	VCP	MAP2	NMT1	SLK	HSPA4	HCK	LPP	C21orf59	TNK2	RPS6KA3	CNN1	CNN3	PLD2	PLCG2	SYK	GRB10	SDC3	MST1R	IRS1	CBL	KIT	GRIN2B	PTPRF	CDK2	CDK5	TOM1L1	SNCA	FLNA	SNX26	LCK	SHC1	CD3G
GRK1	na	BDKRB2	CNR2	RHO	GRK1
GRK5	na	BDKRB2	GRK5	SNCG	ADRB2	SNCB	SNCA
GRK6	na	GRK6	LTB4R	SLC9A3R1	BDKRB2	SNCA
GSK3A	na	HSF1	PRKAR2A	CEBPA	EIF2B5	TP53	RCAN1	JUN	CCNE1	GSK3A	MYLK	CREB1	CTNNB1	CCND1	FOXO1	MCL1	MAPT	MKI67IP	ACLY	MYC	TCEAL1	CREM
GSK3B	na	SMARCC2	BPTF	EXO1	SYNPO	CHTF18	CRKL	JPH1	LIFR	OTUD7B	C11orf30	KDM2B	CBLC	ZMYM3	ARHGEF12	PLEC1	ARID1A	CAMK2D	MUC1	CAMK2G	MYBL2	ABLIM2	GTF2F1	AKAP1	HNRPDL	ORC1L	GRB10	CCND3	CCND2	SYAP1	PTEN	POP1	ARHGAP12	LAT	ACLY	CDKN1B	CDKN1A	PDS5B	GTF3C1	BAZ2A	PPP1R1A	PPP1R1B	BUB3	SOX11	KCNMA1	PCLO	CDC25B	GRM5	PDLIM4	BLM	CUX1	SNPH	EPS15L1	ANAPC1	ANAPC2	RPS6KA1	RPS6KA3	RPS6KA4	WDFY1	ZNF295	POLR2A	FLNA	ATXN3	TRERF1	TLE3	SMAD2	BCLAF1	DDX42	FOXM1	CDC6	NCOA3	NCOA1	SMC4	BSN	MARCKS	RBM14	PTTG1	MOBP	SLCO4A1	RIMS1	RXRA	SPIB	NUP214	CABYR	TNKS1BP1	PRKAR1B	LEF1	NFRKB	NOL3	FOSL2	FOXO1	LMO7	ZMYM2	CTTN	PSMD1	WRNIP1	CTNNB1	CHAF1B	MITF	TCOF1	BIN1	SMARCC1	PPFIA3	PPFIA1	GJB1	C20orf112	UBTF	YLPM1	TRA2B	RNMT	RTN4	REST	FGFR1OP	PLA2G4A	SNW1	E2F1	IER3	ANK1	ANK2	NCL	ZFPM1	SF1	REXO1	IKBKG	DAB2	DAB1	USP24	USP20	RARA	LBR	ARHGEF6	EIF3B	ARHGEF2	ADRA2A	CNOT4	FADD	CDH1	RELA	LIPE	PALM	TERF2IP	NMT1	SEC24B	THOC2	SNAI1	TESK1	APP	CSTF2T	CCND1	ELK1	APC	PAK6	PAK7	WHSC2	NFATC2	GTSE1	FUBP1	KHDRBS1	RBBP6	MYCN	CCNE1	NCOR2	RRBP1	DPYSL2	RNPS1	TCF3	GTF2IRD1	UBE2E3	CCDC6	MKI67IP	EIF4B	GJA1	NEFM	SRRT	MEF2A	CREM	ATN1	SMAD4	ZNF335	HDAC6	EIF2B5	PRKAR2A	PSEN1	RPS6KB1	IFI16	DIDO1	RANBP2	NUDT11	PCIF1	UNG	DUT	TJP2	CXADR	TJP1	LRRFIP1	KIF1B	HNRNPD	IRS1	IRS2	ZFP36	COBL	SLC4A10	PHF12	GRSF1	ERCC5	MSH6	MCL1	GABBR1	SORBS1	RBMX	CEBPB	CEBPA	CEBPE	MAP3K11	RB1	ETS1	MED14	AURKA	ABCB9	COPA	CHRM2	MLL	SCML2	LMNA	PAPOLG	CALD1	CTNNA2	SLC20A1	NSUN5	NOTCH2	CACNG2	GLCCI1	HSF1	ADD3	ADD2	ADD1	PRPF4B	PPP4R2	PPP1R2	DEAF1	CACNA1E	CBFA2T2	DLGAP2	DLGAP1	DCX	EIF4ENIF1	CUL3	BRCA1	RAD18	ZMYND8	API5	CREB1	KCNAB2	COIL	MDM2	BRD2	BRD3	PCYT1A	ADCY6	PCYT1B	MYLK	SPEN	RUNX1	GBF1	EPB49	ID2	DOCK7	HELZ	STX7	HELB	SEPT5	DAXX	SLC9A1	AHNAK	JUN	PPARGC1A	AFF1	RAPH1	CANX	SMARCAD1	CHEK2	CHEK1	PLCB1	MAP1B	PRKAB1	HOMEZ	EPN1	MAP1S	UBA1	PTPN7	LMNB1	TP53	PPARG	UBE2A	SAFB2	ITSN1	EIF4EBP1	SYN3	SYN1	BAG3	MKNK2	FBXO4	CTNND2	CTNND1	KRT8	BCR	STAT3	STAT1	ZHX1	AKAP8L	PSMA5	BCL7C	EPB41L1	SRC	JUNB	THRAP3	TAL2	TPD52L2	MYC	NEUROD1	LRP6	SGK1	ESR1	IL16	CDC2L5	ADRB2	CDC2L2	PPIG	PDE4B	C14orf4	MYOCD	MAP4K4	MAP2	MAP2K1	MAP4	RPAP1	SPTBN1	PRICKLE3	RAP1GAP	MLLT4	NEFH	SON	ESRRA	HSPB8	TP53BP1	MCM2	ATXN7	SQSTM1	AXIN1	PPP1CA	SRRM1	SRRM2	CASP9	POGZ	BCL9	OPRD1	MAPT	BCL2	ISL2	CDX2	CLMN	ZYX	RREB1	TPX2	GIGYF2	STUB1	RCAN1	GOLGA2	FLII	PHC3	PPP1R16B	MYB	DDIT3	SNAPC4	UBR1	FUT11	KCTD15	TERF2	CTR9	RPA2	RPS3	GFPT1	KDM5A	ZNF217	STMN1	STMN2	DES	DCLK1	DNM1	ARID4B	CSDA	ADRBK1	CHD3	CHD4	ELK3	ASXL2	NR5A1	ODF2	SIRT1	NACA	MN1	CDC25A	SGTA	GYS1	PAK1IP1	DYNC1LI1	SART1	TAF6	AMPH	TAF3	TAF2	TLK2	CDC27	PAK1	KAT5	BAT2	CASKIN1	NCF1	FNBP4	MAP1A	NFATC3	HNRNPH2	ABL1	NCAM1	NCOR1	CACNB4	KDM6A	MAPK4	NFKB1	MAPK8	SNRNP70	TCF20	HNRNPF	WTAP	RBL1	RBL2	HDLBP	HMGA1	TCEAL1	UNC13B	KCNB1	MAPK8IP1	SOS1	TACC3	GJC2	STAT5B	PITPNM1	CIC	MKI67	C21orf66	JUND	ADAM17	BCL2L11	SFRS8	SFRS7	SFRS5	SFRS2	CRY2	MAPKAPK2	NACC1	SIN3A	SNTA1	ANLN	AAK1	NDEL1	USP19	NPM1	BICD2	BICD1	NFIC	NFIA	PCDH1	PCDH7	SFRS16	SFRS15	SFRS14	SFRS18
HCK	na	EMD	BLK	SKAP2	CD6	PLCG2	PLCG1	IFNAR1	ADAM15	HCK	ABL1	RAF1	AXL	PECAM1	STAT3	FKBP8	TEC	DOK2	PTK2B	BCR	ENAH	BLNK	ANXA1	EPHB3	ITGB3	ACAP2	ZNF24	FES	CSF3R	LCP2	WAS	ZC3HAV1	ALK	ITK	RIN1	PKIA	CBL	STAT5B	PDPK1	ELMO1	RAPGEF1
HIPK2	na	RUNX1	TP53	PAX6	PML	STAT3	CBX4
IGF1R	na	SLC6A1	GHR	CD34	IFNAR2	PTK2B	IFNAR1	DAB1	CCDC88A	NTRK1	NTRK3	NAPG	MAPRE1	BLNK	IGF1R	CD28	DDX3X	SHC1	MUC1	LPP	FGFR3	FGFR1	PTPN11	MST1R	FABP4	KIT	ACLY	CD3G	TRIM39	SKAP2	HLA-G	CRK	CDC2	JAK2	JAK3	PIK3R1	BMX	GTF2I	PDLIM1	EFS	PPP1R11	HCK	BCAR1	GJA1	VAV2	BAIAP2	BTK	SDC3	ACTC1	RET	CD6	PTK2	HNRNPH1	FABP3	CTNND1	SPRY4	CRYGB	NEDD9	TEC	CSF1R	HOXA10	KDR	SH2B3	MERTK	IL2RB	BDKRB2	ALK	IRS1	MET	ADRB2	CTTN	LPXN	MAP2	INSR	ADAM15	YES1	TXK	HSPD1	ETS1	FIP1L1	ANXA1	TDO2	PRKCA	VCP	LCP2	PTPRE	PDPK1
IKBKB	na	NCOA3	NFKBIB	NFKBIA	IRS1	IKBKB	FOXO3	IKBKG	NFKB1	RELA
IKBKE	na	IRF3	RELA	NFKBIA	IKBKE
ILK	na	NACA	ILK	AKT1	AKT2	AKT3	PPP1R12A	PPP1R14B	PPP1R14C	PPP1R14A
INSR	na	HSPA4	PTK2B	ROS1	AXL	CALM2	CALM3	CALM1	ZFYVE16	PPP1R8	FGR	NTRK3	ZNF264	DYRK1A	LYN	ERBB3	IGF1R	PLEC1	DDX3Y	LPP	HTR6	FXR1	ABLIM1	FGFR1	SYK	APP	KIT	LAT	YBX1	FUBP1	FRS3	GAB1	RRAS	ARFGAP3	CLTC	ARHGAP5	ADAM12	CRYGC	PIK3R3	PIK3R1	BMX	CD79A	EPHB2	PIKFYVE	ZNF24	EIF4H	HCK	PTPN1	BCAR1	PTPN6	EPOR	ELP3	VAV2	CBL	BAIAP2	LCK	CD19	PDGFRB	FNBP1	NTRK1	FABP4	CTTN	NTRK2	SH3BP2	ABL1	ABL2	TSC2	BLVRA	BCR	FLT1	PVR	MPZL1	CHRNB1	CSF1R	ANAPC4	PPP1R12A	SRC	EPB41L2	HNRNPA0	FER	RGS16	IL2RB	ITK	IRS1	IRS2	MET	ADRB2	ATP1A1	WWOX	PSMB4	NEU1	MAP4K1	PTK2	RBM3	INSR	CD247	YES1	SHC1	FYN	CD3D	DOK1	ZAP70	PRKCI	FCGR2A	CALD1	ACTN1	TNKS1BP1
ITK	na	CD28	ITK	EMB	TEC	ABLIM1	SIGLEC10	BMX	BCAR1	BTK	ERBB2IP
JAK1	na	IL2RB	STAT3	STAT2	STAT1	PTPN11	EIF2AK2	IL9R	IRS1	SYP	IFNGR1	TYK2	IL6ST	IL10RA
JAK2	na	CSF2RB	GHR	EGFR	IL6ST	CCR2	IFNGR1	RAF1	STAT3	STAT1	MAPK3	ADRB2	STAP2	MAPK1	JAK2	GTF2I	CTLA4	SIRPA	EPOR	SOCS3	PTPN11	STAT5A	SYP	PAK1
JAK3	na	JAK2	JAK3	SIGLEC10	JAK1
KIT	na	PDGFRB	STAT1	FLT3	SH3BP2	KIT
LCK	na	MED28	VAV2	ACP1	ERBB3	GABRG2	HLA-B	CD33	CD34	GAPDH	RET	MAPK14	PLCG2	PLCG1	LCK	SLC4A1	EZR	ADAM17	ABL1	PSTPIP1	ABL2	CD79B	FLT3	YES1	FYB	PECAM1	PVR	DEF6	INPPL1	TYROBP	CCDC88A	ITSN2	FYN	VAV1	RASA1	ZNF264	DOK1	ZAP70	PIK3R1	SPTAN1	EFS	JAK3	SRC	CD28	NFKBIA	SHC1	EPHA3	CTLA4	JAK1	PRKCD	ACAP2	HGS	SH2D2A	SH2B3	SIGLEC10	PRKCQ	LCP2	LPP	PTPN6	IL2RB	STAT1	ITK	SOCS3	ESR1	SYK	MGRN1	DAPP1	CD5	CBL	KIT	PTEN	BTK	TACC1	ACLY	FLNB	ELP3	CD3E	SLAMF1
LIMK1	na	LIMK1	CFL2	CFL1
LRRK2	na	MSN	RDX	LRRK2
LYN	na	MAP4K1	PDGFRB	LPXN	EMB	PAG1	CD33	RET	STOML2	MAP2	PLCG2	INSR	SLC4A1	LCP2	DAB1	CD79B	FLT4	CD79A	FYB	PECAM1	TXK	MPZL1	STAM2	PTK6	FYN	PPP1R8	NTRK2	DOK2	PTK2B	ZAP70	CDKN1B	HCLS1	TRPV4	LYN	ERBB2	SRC	PDIA3	FCGR2B	FCGR2C	FCGR2A	NMT1	HCK	CDC2	PTPN6	EPOR	RGS16	TBC1D15	STAT5A	CD5	SYK	GRB10	PRKCD	DAPP1	IRS1	PLCG1	KIT	MET	ARFGAP2	CDK4	SLAMF1	TOM1L1	SNCA	LAIR1	CEACAM1	CSNK2A1	BTK	CD19
MAP2K1	na	PLCB1	CTTN	TAL1	UBTF	GSK3B	SMAD2	CASP9	SPIB	MAPK3	MAP2K1	MAPK1	HSPB8	KRT8	RPS6KA4	PARVA	DUSP1
MAP2K2	na	FOS	SMAD4	UBTF	CASP9	MAP2K2	KRT8	DUSP1	MAPK3
MAP2K3	na	MAPK14	MAP2K3	MAPK12
MAP2K4	na	RXRA	MAPK10	MAPK12	MAP2K4	MAPK8	MAPK9
MAP2K6	na	MAPK14	PAK6	STAT4	MAPK12	MAPK13
MAP2K7	na	MAPK8	MAPK9	MAPK10	FADD
MAP3K1	na	ETS2	MAPK3	FADD	MAP3K1	MAP2K3	MAP3K11	MAP2K1	MAPK1	MAP2K7	MAP2K4	SRPK2
MAP3K14	na	IKBKB	NFKB2	NFKBIA	CHUK
MAP3K2	na	MAPK3	MAPK1	RIPK4
MAP3K3	na	MAP2K3	MAP3K3	RIPK4
MAP3K4	na	MAPK8	MAPK9	MAPK10	MAP3K4
MAP3K5	na	CDKN1A	MAP2K4	TNNT2	MAP3K5
MAP3K7	na	IKBKB	PTPN3	MAP3K7	SMAD3
MAP3K8	na	MAPK3	MAP2K1	MAPK1	MAP3K14	MAP2K2
MAP4K1	na	MAP4K1	LCP2	MAP3K11
MAPK1	na	HSF1	CRY1	LIFR	MAFA	ZYX	RARA	ARHGEF2	APBB1	MKNK2	ESPL1	CAPN2	EIF4ENIF1	PTBP2	RELA	MYB	ZMYM2	DDIT3	LIPE	SP1	THRB	GATA4	ADCY6	JAK2	SOS1	GRB10	WHSC2	GSK3B	CRYAB	ELK1	PAK1	RPS6KC1	NFATC4	EPB49	CDKN1B	KHDRBS1	GAB1	MED1	ARID4B	MAPKAPK2	MYCN	SLC9A1	GAP43	TSC2	CCNE1	JUN	STAT5A	SCNN1G	NR4A2	PCLO	H3F3B	NR5A1	SMARCAD1	KSR1	PPP1R9B	TOP2A	TCF3	FOS	PPARG	POLR2A	PPARA	ITPR1	PTPN7	TAF6	RPS6KA3	TP53	RPS6KA5	ESR1	EIF4EBP1	ILKAP	LCK	CD19	NCF1	MAP2K1	SMAD4	GABRR1	MKNK1	SMAD1	SMAD2	SMAD3	RPS3	ARRB1	KRT8	RAF1	NCOA1	STAT3	RPS6KB1	SMC4	MAPK1	GORASP2	DUSP6	DUSP1	RBL1	RBL2	GJA1	GAB2	RXRA	TNKS1BP1	UNG	RPS6KA4	MYC	NEUROD1	E2F1	SGK1	BCL7C	RPS6KA1	IRS1	IL16	RGS19	SREBF2	ZFP36	SREBF1	PITPNM1	SPHK1	CTTN	CEP55	SF3B1	JUND	ERF	MCL1	NDE1	SORBS3	CASP9	MAPKAPK5	CAD	CEBPB	CEBPA	MYBL2	BCL2L11	UBTF	NEFH	CRY2	ETS2	PGR	TH	MBP	DAPK1	CNOT4	NR3C1	TNFRSF1A	CNKSR11	NR4A1	AAK1	AR	ATN1	NDEL1	TOB1	PLA2G4A	DUSP16	CHD4	PTPRR	SPAST	SRRM1	IER3	BRAF	MAPT	EGFR	BCL2
MAPK10	na	HSF1	ADD1	RAD18	PPP4R2	REXO1	LIFR	USP20	CRKL	ITSN1	ZFYVE16	NUP214	PLEC1	KCNAB2	COIL	PCYT1A	PCYT1B	ORC1L	SYAP1	ELK3	ARHGAP12	NFATC2	NFATC3	NR3C1	PDS5B	GTF3C4	GABBR1	MAPKAPK2	CDC16	SLC9A1	USP47	ASXL2	ATN1	DMAP1	GRM5	RBM39	GYS1	SNPH	CCDC6	EPS15L1	ANAPC2	EIF4B	AMPH	LMNB1	TAF3	SRRT	CDC20	MEF2A	EIF4EBP1	BAT2	MCOLN1	SYN1	RPS6KB1	HNRNPK	MARK2	MOBP	TCF20	WTAP	PHACTR1	TAL2	RXRA	HMGA1	NUDT11	BCOR	MAPK8IP1	MAPK8IP3	KIF1B	EIF2AK2	CDC2L5	COBL	RBM6	GRSF1	MLL4	CRYAA	MAP4	RPAP1	IQGAP1	SPTBN1	CEBPB	BCL2L11	MYOD1	PPFIA1	NAP1L1	GFAP	SNTA1	EPS15	RTN4	FGFR1OP	NDEL1	HSPH1	MAP3K7IP1	NFIA	NCK2	EXOC8	SRRM2	BCL2
MAPK11	na	ZNF295	EEF2K	MAPKAPK5	HNF4A	HBP1
MAPK12	na	EEF2K	GJA1	SNTA1	MAPT	SGK1	C20orf112	RXRA	MEF2C	SH3BP5	MEF2A	ETS1	MAPK12	MEF2D
MAPK13	na	EEF2K	STMN1	SAPS2	SFRS8	CAMK2G	CACNA1E	MARCKS	MAPT	ZNF295	BRWD1
MAPK14	na	HSF1	CCNE1	SFRS2IP	CHTF18	MAPKAPK5	RAB4A	TACC3	CDX2	PRPF4B	ZNF335	SF1	IKBKB	FKBP5	DDIT3	JPH1	ATRX	MAFA	SON	KIF2A	UBTF	CANX	RARA	DLGAP1	TPX2	OTUD7B	PAK1	DLG4	PKP4	STUB1	ZNF148	EIF3B	C11orf30	CBFA2T2	RCAN1	SKIV2L	LAD1	NOL3	RANBP2	SFRS2	EIF4ENIF1	PTBP2	WEE1	MYB	STK10	PIP4K2B	DHX9	ARHGEF12	ZFPM1	ZMYND8	SPAG9	EPB41L2	PPARG	CREB1	CNOT3	PCLO	NEUROD1	PALM	TERF2IP	MGMT	BRD4	THOC2	THOC1	EPRS	BRD2	MKI67	SNAP91	MLLT4	GTF2F1	SOS1	HNRPDL	PTPN1	GRB10	CCND3	CCND2	CSTF2T	MYL4	TERF2	ELK3	CTR9	RUNX1	ARHGAP12	MAX	LAT	ACLY	PAK6	GBF1	KDM5A	PPARA	CCNK	NR3C1	DDX42	STMN1	EPB49	CDKN1B	CDKN1A	KHDRBS1	DOCK7	FMN2	LIPE	GTF3C1	MED1	EP400	IRS2	CLTC	DAB2	BAZ2A	ARID4B	CSDA	EIF5B	ADRBK1	TJP1	PPP1R1A	MYCN	CHD3	BCL7C	SAP30	SLC9A1	GAP43	EXO1	JUN	PPARGC1A	HOMEZ	GIGYF2	ELK1	XPA	H3F3B	NR5A1	CASP9	PPP1R9A	CDK4	RRBP1	TSC1	PDLIM4	PLCB1	SIRT1	PRKCB	TCF3	CDC25C	CDC25B	MN1	IFNAR2	GTF2IRD1	PAPOLG	CUX1	LBR	POLR2A	MLL	UBA1	EVPL	SENP6	PTPN7	MKNK2	SLCO4A1	TAF6	RELA	RPS6KA4	TAF2	ESR1	CDC27	SNAPC4	HNF4A	NCL	HIVEP1	MEF2C	KDM2B	MEF2A	EIF4EBP1	BAT2	IDH3G	NR2F6	FLNA	SNX26	PHF3	DYNC1LI1	BAG3	NCF1	AGPS	TRERF1	FNBP4	TLE3	RPS6KB1	MAP1A	MKNK1	SMAD3	STXBP1	FOXM1	KIF11	FANCD2	ARRB1	NCOA1	NFATC4	VDAC1	KRT8	NCAM1	BCR	BCAS1	NCOA3	STAT4	STAT3	CDC6	PSEN1	STMN2	ASPH	CSNK1E	MAPK4	SIPA1	AP3D1	HNRNPD	RIMS1	AKT1S1	DAGLA	JUNB	RBL1	RBL2	RPS6KA1	EGFR	MECP2	HDLBP	PCDH7	TCEA1	SPIB	AGAP2	SNW1	UNC13B	PCIF1	UNG	TP53	KCNB1	NFRKB	MAPK8IP1	HIST1H1B	RPS6KA5	TJP2	ZFYVE20	SGK1	ERCC5	PLXNA2	RPS6KC1	ID2	IRS1	STX7	LMO7	ZNHIT1	UBE2A	ZFP36	UBQLN2	PITPNM1	WHSC2	FEN1	SMARCAD1	CSNK2B	EPB41L1	POLA1	MYC	MATR3	PHF12	SMARCA5	SPEN	BIRC5	LIMK1	PSMD1	JUND	MSH6	MAP2	PEPD	BAD	EZH2	NOTCH2	MAP4	CHAF1B	TCOF1	RPA2	BIN1	GABBR2	SPTBN1	SMARCC1	MYBL2	BCL2L11	THRAP3	AXIN1	PPFIA1	EEA1	SFRS5	NUP98	TLN2	NEFH	RB1	MAPKAPK2	ETS2	FIP1L1	YLPM1	ETS1	TAF3	TH	YWHAB	BAT3	EEF2K	MTA1	TRA2B	SIN3A	SLC4A10	SNTA1	COPA	CLASP2	DAXX	KHSRP	NOLC1	ANLN	HSPB8	RANGAP1	ATN1	LCP2	PLA2G4A	USP19	CALD1	CHD4	MAP3K7IP1	SQSTM1	SLC20A1	PPP1CB	CASP3	E2F1	SRRM1	JDP2	SRRM2	SMTN	CASP8	IER3	ANK1	SFRS15	SFRS7	BCL9	G3BP2	NCOR1	ATF2	ILF3	GLCCI1
MAPK14M	na	APKCDC25B	APKEIF4EBP1	APKPLA2G4A	APKFGFR1	APKFGR	APKFLG
MAPK3	na	HSF1	LIFR	ARHGEF2	SMAD4	CAPN2	MYB	ZMYM3	LIPE	SP1	ABLIM1	GRB10	MAZ	GSK3B	ELK1	FBXO4	KDM5A	STMN1	STMN2	GAB2	GAB1	MED1	ADRBK1	GAP43	PPARGC1A	JAK2	H3F3B	TOP2A	PLCB1	MAP1B	TCF3	FOS	CCDC6	PPARA	PTPN7	MKNK2	RPS6KA1	RPS6KA3	RPS6KA5	ESR1	EIF4EBP1	PDE6G	POLR2A	SYN3	NCF1	DEAF1	RCAN1	THRB	MKNK1	SMAD2	RPS3	ARRB1	NFATC4	KRT8	RAF1	PLA2G4A	STAT3	RPS6KB1	MAPK3	BSN	HNRNPK	DUSP6	DUSP1	TAL1	GJA1	EGFR	RXRA	SPIB	NEUROD1	SOS1	ETV6	IRS1	IL16	SREBF2	ZFP36	SREBF1	SPHK1	CTTN	CRYAB	LCK	MCL1	ADAM17	CAD	CEBPB	CEBPA	BCL2L11	UBTF	MAPKAPK2	ETS2	ETS1	PGR	TH	MBP	HSPB8	RRN3	ILKAP	LMNA	CALD1	STAT5A	SNW1	PTPRR	SRRM2	CASP9	BCL9	BRAF
MAPK7	na	GJA1	SGK1	SGK11	RXRA	MEF2C	MEF2A	ETS1	MAPK7	MAP2K5	MEF2D	ZNF295	GLCCI1
MAPK8	na	BPTF	BCL2L1	ERBB2IP	ISL2	SYMPK	PPM1J	IKBKG	S100A11	APLP2	CCNT2	ADD2	EEF2K	TOPORS	TP53	ATN1	DEAF1	BCLAF1	DLGAP2	MKNK2	GOLGA2	FLII	ZC3HAV1	PHC3	MYC	HDGF	CUL3	ZMYM2	RAD18	PLEC1	SP1	ADCY6	NMT1	COIL	UBR1	FUT11	AKAP1	SNN	CHEK2	EIF4G1	FZR1	SFN	ELK3	PAK6	RNMT	ARID1A	KDM5C	NFATC2	STMN2	CDKN1A	FUBP1	DCLK1	C9orf5	DNM1	SEPT5	MAPKAPK5	MAPKAPK2	PPP1R1B	BMF	STAT5B	SOX11	AHNAK	JUN	KCNMA1	H3F3B	NF1	RREB1	ZNF516	MAP1B	DPYSL2	BUB3	CDC25C	GYS1	PPARG	MAP1S	DYNC1LI2	PAX2	ANAPC1	EPS8L2	ZEB1	BLM	NASP	RPS6KA3	TNFRSF1B	HSF1	ESR1	CDC27	SRRT	CDC23	MEF2A	BAT2	PRDM2	MEF2D	FGFR1OP	MATK	SYN1	NEFM	HDAC6	SMAD4	SMAD2	CTNND2	HNRNPH2	ABL1	KRT8	PLA2G4A	NCOA3	STAT3	NPM1	RPS6KB1	CACNB4	PCTK1	CAST	BSN	HNRNPK	RBM15	PTTG1	LIMD1	SNRNP70	HNRNPF	SRC	DES	DCX	SMARCC2	GJA1	TPD52L2	TAF3	LEF1	MAPK8IP1	SLC41A3	MAPK8IP3	LRRFIP1	TLK2	IRS1	CDC2L5	ADRB2	C14orf4	CIC	PAK7	MAP4K4	ITCH	PSMD4	JUNB	SF3B1	BAD	MAP4	FOXO4	ELF2	YWHAZ	CEBPB	DAB1	PRICKLE3	BCL2L11	RAP1GAP	CEBPE	MAD1L1	FAS	PXN	YWHAB	ABCB9	ATXN7	CNOT4	NR3C1	ESRRA	CLASP1	RTN4	CASKIN1	CHRM2	REST	AAK1	TP53BP1	NDEL1	SCML2	LMNA	CALD1	SSBP4	CTNNA2	KLF16	NFIC	NFIB	NFIA	SPAST	PCDH1	SRRM2	NSUN5	RBMX	POGZ	MAP3K11	ANK2	SFRS14	BCL2	EEF2	ATF2
MAPK9	na	HSF1	SYNPO	ADD2	ADD1	CLMN	RAPGEF6	USP24	ZYX	EEF2K	ARHGEF6	EIF3G	FADD	PLEC1	CAMK2D	ABLIM1	SEC24B	PCYT1B	KCTD15	CCND1	ARID1A	KAT5	TMPO	KIF22	ELK3	ELK1	ARHGAP12	XRN2	MAPK10	PAK7	NFATC2	NFATC3	ADCY9	MAPKAPK5	MAPKAPK2	PSMA5	PPP1R1B	CDC16	SLC9A1	JUN	RAPH1	H3F3B	H3F3A	CRMP1	FOS	CDC25C	GYS1	PAK1IP1	EPS15L1	PWP1	PTPN7	RFX1	GJA1	AMPH	LMNB1	TFAP4	CDC20	ITSN1	GFPT1	LCK	SYN1	ZNF217	SH3BP5	SLBP	RPS3	NES	ATF2	RPS6KB1	IFI16	MARK1	MARK2	RBM14	MAPK8	TCF20	NFIC	FOSL2	HMGA1	TNKS1BP1	MAPK8IP1	CXADR	NEUROD1	ID3	CDC2L5	CDC2L2	PHF16	CTTN	MAP4K4	ADAM17	MAP2K2	MAP4	FOXO4	SPTBN1	YWHAZ	BCL2L11	ETS2	HCLS1	USP6NL	NR3C1	RRN3	MCM2	NDEL1	BICD2	DDX23	SRRM2	SYN3	PURB	CACNG2	BCL2	SFRS18
MAPKAPK2	na	BAG2	HSF1	PLK1	LIMK1	CRYAB	TSC2	MAPKAPK2	CAD	YWHAZ	NCOA1	STAT3	FAS	ADRB2	TH	EEF2K	DDIT3	SRF	HSPB1	CDC25C	CDC25B	ALOX5	ARPC5	CREB1	ETV1	ESR1	LSP1	MYLK	VIM	ZFP36
MAPKAPK5	na	EEF2K	PLA2G4A	TP53	TH
MARK1	na	MAP2	MAP4	MAPT
MARK3	na	CDC25C	STK10	MARK3
MET	na	MET	PTK2	GAB1
MSK1	na	BAD	WNK1	STAT3	RPS6KA5	TH
MST1	na	STK4	MST1	HIST1H2BB
MTOR	na	IRS1	RPS6KB1	FRAP1	RPS6KB2	AKT1	MTOR	EIF4EBP1
NEK9	na	NEK6	NEK7	NEK9
NME1	na	CNKSR11	CNKSR1	NME1
NTRK2	na	TIAM1	PLCG1	FRS3	NTRK2
PAK1	na	DYNLL1	PLK1	BAD	LIMK1	ILK	MAP2K1	PGAM1	STMN1	RAF1	MAP3K1	ARHGEF2	ADRB2	NF2	ARHGDIA	PPP1R12A	PPP1R14A	PGM1	FOXO1	FOXL2	SNAI1	ESR1	ARPC1B	CASP1	MYLK	GNAZ	VIM	STAT5A	BRAF	FLNA	PAK1	SYN1
PAK2	na	PRL	MKNK1	MYLK	VIM	RPS6	NF2	ABL1	MYC	SYN1	PAK2	MYL9
PAK3	na	CTTN	RAF1	MYO6	STK4	TNNI3	SYN1	CALD1	PAK3
PDGFRA	na	SRC	PDGFRA	SHC1	PDGFRB	PTPN11	PLCG1	RASA1
PDGFRB	na	SRC	SHC1	PDGFRB	PTPN11	FYN	CBL	PLCG1	IRS2	PIK3R1	SLK	LAT	RASA1
PDK1	na	MAP4K1	SGK13	MAP2K2	MAP2K1	AKT3	RPS6KB1	MAP3K5	PRKCA	AKT1	PRKCH	ITGB3	PDHA1	TSSK3	PKN1	PKN2	PRKCE	PRKCD	PRKCG	AKT2	PRKCZ	RPS6KA1	RPS6KA3	SGK3	SGK2	SGK1	SGK12	SGK11	PDK1	ADRB2	PRKACA	PDPK1	PAK1
PDPK1	na	AKT1	MAP2K1	AKT3	MAP3K5	RPS6KB1	RPS6KB2	ITGB3	PDHA1	PKN1	PKN2	PRKCE	PRKCD	PRKCZ	RPS6KA1	SGK3	SGK2	SGK1	MAP2K2	RIN1	AKT2	PDPK1	PAK1
PHKG1	na	PYGB	PHKA1	PYGM	MAPT	PHKG1
PHKG2	na	PYGB	PHKA1	PYGM	MAPT	PHKG1
PHLPP	na	AKT1	AKT2	AKT3
PIK3CA	na	RPS6KB1	TPM1	PIK3R1
PIK3CG	na	PIK3C2G	TPM2	PIK3CG
PIM1	na	PIM1	CDC25A	BAD	STK10	MARK3	CDKN1A
PKC	na	ANXA1	IL2RA	ABCB1	TFRC	POLB	ATP1A1	ACO1	LMNA	GABRB2	PPP1R14C	EIF2S2
PKD1	na	PI4KB	HSPB1	PKD1	RIN1	PRKD1	PPP1R14A
PKD2	na	PKD2	PI4KB	PRKD2
PKN1	na	PKN1	ZNF509	CDC25C	MARCKS	MAPT	PPP1R14A
PLK1	na	HSF1	BUB1B	PLK1	CEP55	PKMYT1	IKBKB	PIN1	ECT2	NUDC	WEE1	CHEK2	NINL	MYT1	BRCA2	TPT1	CDC25C	ANAPC1	NPM1	ANAPC4	ANAPC7	CCNB1	CDC27	CDS1	CDC23	IRS1	ROCSNK2A1
PLK3	na	CDC25C	CHEK2	TP53
PPM1D	na	RPS6KA1	RPS6KA3	CDS1	ATM	MAPK14	CHEK2	CHEK1
PPP1CA	na	PPP1R1A	CDC25C	MST1R	PRKCB	CRYAB	PIP5K1B	PPP1R16B	PTPN7
PPP2CA	na	SPHK1	ATM	MAP3K1	PRKAA2	PRKAA1	PDK1	AKT1	CSNK1E	PTPRC	PDPK1	PPP1R14A	CHEK1
PPP2CB	na	MET	RAF1	MARK2
PPP5C	na	ICK	MAPK8	RAF1
PRKAA1	na	CASP6	EEF2K	NOS3	ACACA	ACACB	PHKA1	GRIK2	PFKFB2	HNF4A	PRKAA2	PRKAA1	MTOR	LIPE	EP300	RAF1	PFKFB3	LOC728860
PRKAA2	na	CASP6	EEF2K	NOS3	LIPE	ACACB	PHKA1	PFKFB3	PFKFB2	HNF4A	PRKAA2	PRKAA1	ACACA	EP300	RAF1	LOC728860
PRKACA	na	ADD3	ADD2	ADD1	STK11	CACNB2	MIP	MBP	PLIN1	RARA	PPP1R3A	RYR1	GRK7	CACNA1C	PPP1R8	GRK1	DCX	HDAC8	CUL5	RELA	CACNA1S	AURKA	ERBB2	WT1	LIPE	TH	CREB1	STK3	RAP1A	HMGCR	ATP2B1	TBXA2R	SNAP25	ACCN2	PPP1R9B	CCND1	PTPN12	GSK3A	MYLK	GSK3B	NOS1	ACLY	CFTR	YWHAH	CSF2RB	EVL	HMGN2	HMGN1	EPB49	GRIA1	ITGA4	GRIA4	SLC2A2	NDRG1	AANAT	VIM	ADRBK1	MC4R	PPP1R1A	PPP1R1B	AHNAK	KCNMA1	CETN1	ITPKA	EN2	STK24	NF2	PIK3R1	CLDN3	PHKG1	PPP1R14A	EEF2K	CSK	FOS	PHKA1	DSP	GYS1	APC	RHOA	ITPR1	PTPN7	PTPN5	ETV1	GJA5	KCNH2	MOS	DNAJC5	MEF2C	RRAD	CAMKK1	MYBPC3	CREM	MAP3K3	PPP2R5D	FLNA	GNA13	SYN2	LCK	SYN1	RYR2	GABRR1	RAP1B	RET	SLC4A4	PRKAR2B	NFATC4	PDE3B	RAF1	VASP	C7orf16	CIITA	PSEN1	STMN2	GMFB	GP1BB	PCTK1	PPP1R12A	STMN1	NFKB1	HNRNPD	SRC	ACACA	PLCL1	SRY	PDC	PTBP1	RGS14	LRP1	RASGRF1	RGS10	KCNJ4	PIP5K1B	IRS1	SI	PRKACA	ABCA1	PLN	PDE4B	PDE4D	GNMT	NPR1	FRAP1	PRKAA1	MAP2	BAD	SOX9	HAND1	TEAD1	SPTBN1	EIF2S2	YWHAZ	RAP1GAP	GJB1	FAS	ABCB1	TNNI3	KLF1	CAD	GFAP	BRPS6KA3	SNAPIN	HSPB6	KCNJ12	KCNJ11	KCND2	MLXIPL	NOLC1	HSPB8	THOP1	HIST1H3B	TPH1	LCP1	VTN	PTPRR	PFKFB2	ABCC8	BRAF	MAPT	CACNG2	ATF1	ATF2
PRKACB	na	KIAA1012	PRPF4B	QDPR	C5AR1	FBP1	MIP	CAV3	SNRNP200	CBX3	CACNA1C	PPP1R8	LYZ	DLGAP2	PYGB	GOLGA4	SCN4A	CUL5	PYGL	FGA	DHX8	NPR1	MKNK1	LIPE	SPAG9	ALOX5	CAMK2G	PTH2R	PER2	SMAD2	USP32	ACCN2	GTF2F1	NME2	MYLK	VIM	CTR9	STMN1	EPB49	DES	DCLK1	GRIA4	CLTC	KIT	XRCC4	XRCC6	ABCF1	IL8RB	RAF1	AHNAK	EGR1	ZFP36	TIAM1	PCLO	HTR2C	GTF2I	PHKG1	ZNF224	PRKAB1	CDC25A	ANAPC1	RPS6KA1	LMNB1	TP53	CAMKK1	WDR33	FLNA	TRIM3	KRT19	CRIP2	STAMBP	RAP1A	SMAD3	NDC80	PLA2G4A	CIITA	CGB	TBC1D5	HNRNPK	CST4	SRC	THRAP3	EIF2C4	ANKS1A	RGS14	PYGM	ADRB2	PPIG	NEU1	BCKDK	XK	LATS2	NGFR	MITF	SPTBN1	RBL2	MLLT4	NEFL	TNNI3	TH	AURKC	MBD3	CDC42EP1	PRKCE	LCP1	CALD1	CTNNA1	CTNNA2	SRRM1	GRIN2B	MAPT	POU2F1
PRKAR2B	na	PRKAR2A	LASP1	PRKAR2B
PRKCA	na	KCNE1	ADD3	ADD2	ADD1	FXYD1	SLC6A9	STK11	PRPF4B	NCF1	IKBKB	CAMK2G	C5AR1	CD226	FBP1	DBN1	APLP2	GFAP	PAM	KIF2C	MYL9	PEBP1	TPX2	DLG4	NCF4	NFE2L2	RAB4A	GNG12	ADRA2A	SEPT3	HIST1H1A	MARCKS	CBL	PHF3	SPN	MYBBP1A	GRIN1	TRPV6	BTK	SCN2A	BRCA1	ZMYND8	SHC1	ARHGEF17	S1PR1	CAMK2A	SPAG1	REV3L	ABLIM1	MARK2	GMFB	ATP2B1	COIL	ATP2B2	PA2G4	THOC5	SNAP25	ACCN3	PLD1	PLD2	TRPC3	MYST4	PTPN11	POU2AF1	GSK3A	SLC2A2	PLCG1	KIT	AHR	CD163	SYP	DGKD	RHO	PKD2	GPM6A	TOP2A	CFTR	CCNK	BATF	NFATC2	STAR	SH3BP2	HMGN1	RRAD	GRIA2	CDKN1B	CDKN1A	GRIA1	ACO1	ITGB3	GRIA4	IRS1	HABP4	PITPNC1	ANXA2	DNM1	SNAP23	DNM2	AANAT	VIM	XRCC5	ADRBK1	MC4R	PITPNB	PPP1R1A	ITGB4	TNNT3	TNNT2	DDX5	EZR	PASK	ADRB2	ITGB2	SLC9A3R1	ITPKA	PRKCA	TFRC	PRKG1	NF1	HRH1	TACSTD2	GRM5	PPP1R14D	CHEK2	GRM1	IL1R1	ABCB1	SMC1A	PLCB1	PLCB3	FOS	CDC25B	KCNQ2	HOXB7	MAPK9	SLC39A8	HSPB8	UBA1	EIF4E	PTPN1	PLEK	FGF2	F11R	EIF4B	GJA1	TP53	SEMA5A	ESR1	SDC2	SDC4	GNAZ	PRKD1	FAM8A1	ANXA1	CREM	GIT2	MAP3K3	GFPT1	STOM	PPP2R5A	CREBBP	KRT18	MAP4K1	RALBP1	HDAC7	NFATC1	GABRR1	MYO1E	MKNK1	PTPN6	ILK	SMAD3	STXBP1	SLC4A4	HNRNPH1	POLB	CHAT	KRT8	RAF1	BCR	HMGN2	CHRND	CAPN1	CGN	PSEN1	MYH9	RPS6	TBC1D5	RPS6KB2	ADAP1	ICAM5	H2AFX	ICAM3	PPP1R12A	RBM15	GABRG2	KIF3A	BCL7C	HLA-A	RANBP2	RPL10	SRC	PDHA1	SRF	RBL1	RBL2	RPS6KA1	EGFR	CASR	RDX	VTN	TCEAL1	LMO7	PTPN12	OCLN	GABRB1	EP300	STARD3NL	FSCN1	MAP2	BDKRB2	SGK1	PLXNA2	PKD1	RGS7	OPRM1	INSR	BAD	RGS19	MET	SSTR3	SPP1	ATP1A1	LENG8	PRKD2	PRKD3	KCNC4	ERBB2	DAB2	CASKIN1	SAPS3	GUCY2C	BIRC5	GNA15	ERBB2IP	PRKAA2	EIF6	CORO1B	SFRS7	FOXO1	LCK	HAND1	FOXO4	ACACA	SMARCA5	EIF2S2	DGKZ	MEF2C	EBAG9	BCL2L11	MYOD1	SFRS8	GJB1	PITPNA	SFRS5	PEA15	YWHAH	PFKL	TNNI2	TNNI3	RGS2	YWHAB	NDUFS4	CRYBA4	MBP	DAPK1	OPRD1	EDF1	NOS1	KCNJ11	NOS3	PPP1R14A	MAPT	NRGN	RUFY1	CD44	ANLN	VCL	PRKCD	PLAU	PTGIR	CRYBB2	PRKCZ	TP53BP1	STK3	TSC2	HES1	CYTH1	AURKA	LMNA	CYTH2	NPM1	DLX3	TAGLN	CALY	ADRA1B	BNC1	E2F1	PPP1CA	CLIP1	GLRA1	PFKFB2	CD5	AGAP2	NOTCH2	RPA2	GRIN2B	SFRS16	GRIN2A	NCL	PTPRB	PTPRA	PALM	BCL2	EWSR1	EEF2	ATF2
PRKCB	na	ADD3	ADD2	ADD1	CD3G	NCF1	HIST1H1D	PKP4	DAB2	MS4A1	EEF2K	PEBP1	MAP3K8	LBR	GRK6	GRK5	C11orf30	GRK1	DLGAP2	DLGAP1	DLGAP4	SCN4A	GRIN1	FGA	AQP2	DNAJC13	ERBB2	NPR1	CTNND1	VRK1	SPAG9	CAMK2D	WNK1	SAFB	CAMK2A	CREB1	STK4	KIR3DS1	ANAPC1	PA2G4	PCYT1A	KCTD12	PCYT1B	CNN1	BCLAF1	PTPN12	PTPN11	GSK3A	KIT	F2R	SYP	RHO	APC	PPP1R14A	CFTR	PAK2	VPS72	MYO3A	NFATC3	STMN1	FUS	EMB	GRIA2	SPTAN1	DES	MAP1B	EPB41	HABP4	ITGB2	CRYBA2	CRYBA1	GSK3B	XRCC4	TNNT2	GAP43	UBE4B	AHNAK	NRGN	KCNMA1	ITPKA	CTNNB1	GRAP2	GRM5	PPP1R9B	PPP1R14B	TOP2A	RRAD	INCENP	LGALS3	PRKCB	EDAR	ZMYM2	PHKA1	TRRAP	GYS1	GRLF1	EPS15L1	HSP90AB1	EIF4E	HIST1H2BM	GPHN	IRF3	GJA1	LMNB1	TP53	CDC27	GABRG2	SDC2	AAK1	PTGER4	CACNB2	ATXN7	FLNB	FLNA	MPZ	BTK	FNBP1	PRKDC	STXBP1	CD5	MAD2L1	CTNND2	CHAT	PDE3B	VASP	PTH2R	TNPO3	CYTH2	NCOA6	PSMA3	ITGA2B	CLSPN	TBC1D4	IFI16	VIM	RPS6KB2	ALG2	BSN	MARCKS	PAPOLB	HMGB2	NFKB2	SNRNP70	EPB41L3	DCX	RBL2	CASR	STMN2	HMGA1	OCLN	GABRB2	CRYAA	HNRNPUL1	IL2RA	BDKRB2	RGS10	MAPK9	EIF2AK2	IRS1	CDC2L5	ABCA1	PDE4B	KCNC4	CDKN2B	TMPO	PFKFB2	MAP2K5	CDH17	LIMK2	EEF1A1	LIMK1	EGFR	NPR2	EIF6	SF3B2	RIPK1	MSN	MAP4	LTA4H	PLEC1	SPTBN1	YWHAZ	CEBPB	KLF16	GJB1	KIF22	PTHLH	PEA15	SCN2A	TNNI3	TERT	GFAP	LDHA	BRAF	ANXA1	OTUD7B	ANXA2	ITGB7	HSPB1	PRKCA	SP4	NOLC1	NR4A1	CHRM2	RANGAP1	PIGR	PPP1R1B	AP2A1	GFPT1	LMNA	VTN	SASH3	P2RY4	CASP6	ACTN1	PPP1CC	SRRM1	SRRM2	DRD1	GRIN2B	ANK2	CYP2C18	BCKDHA	RPL10	WIPF1	ATF2
PRKCD	na	NCF1	ADD2	ADD1	PLCB1	LIMK2	EEF1A1	EGFR	IL6ST	HABP4	RPS6	AKT3	ADRA2A	CHAT	DAB2	KRT8	EIF2S1	ADRBK1	PTPN22	PEBP1	STAT3	STAT1	FAS	NCF4	YWHAH	RPS6KB2	KLF5	HNRNPK	YWHAB	GRM5	MAPK8	PPP1R14A	SRC	ITGB2	PTPRA	ITGB7	MUC1	PRKCD	CYTH1	EP300	FSCN1	TAGLN	GSK3A	KCNJ1	BDKRB2	KCNJ4	PKD1	PLSCR1	SDC4	IRS1	GNAZ	MET	ADRB2	MEP1B	OPRD1	MAPT	NFE2L2	YWHAZ	PRKD1	CREBBP
PRKCE	na	GJA1	PPP1R14A	SLC4A3	GABRG2	PRKCE	RPS6KB2	GAD1	ADAP1	MET	MYBPC3	OPRD1	CHAT	PKD2	GRM5	KRT18	TRPV1	IQGAP1	PRKD2	TNNI3
PRKCG	na	KCNC4	GRIA1	GRIA4	HABP4	CD5	CHAT	DAB2	ADRBK1	PEBP1	EIF4E	RPS6KB2	CASR	GRM5	STXBP1	TOP2A	NRGN	PRKCG	VTN	OCLN	CYTH2	PA2G4	GJA1	SDC2	GSK3A	IRS1	GRIN2B
PRKCH	na	PRKCH	ITGB2	PKD2	PKD1	SYP	PTPN11	PRKD1	PRKD2
PRKCQ	na	RASGRP3	ANXA4	HABP4	CHUK	IRS1	IKBKB	MSN	ICAM3	DLGAP4	STK39	PRKCQ	GRM5	WIPF1	PPP1R14C	ERAL1	CARHSP1
PRKCT	na	PRKCQ	STK39	PTPN7	IRS1
PRKCZ	na	NCF1	ADD2	ADD1	HABP4	STK11	IKBKB	AKT1	AKT3	CHAT	FAM13A	PEBP1	WWC1	RPS6KB2	MARK2	YWHAB	GRM5	RELA	GEM	PPP1R14A	CLASP1	PRKCA	PRKCD	AQP9	PRKCZ	NUMB	PRKAR2A	IRS1	CASP9	MET	PSEN1
PRKD1	na	EPAS1	HDAC5	HDAC7	KIDINS220	PLCG1	PRKD1	PPP1R14A
PRKDC	na	SFRS2IP	ERBB2IP	RAD9A	STK11	PRPF4B	NCF1	IKBKB	PTK2B	RAD17	CANX	DLG4	NFE2L2	EIF3C	THRA	LIG4	DLGAP1	MANF	PHC2	CACNA1S	BRCA1	AQP4	ZMYND8	SPAG9	WRN	FPR1	XPA	ABLIM1	TPR	MDM2	CTDP1	KCTD12	RBBP8	CNN1	EIF4G1	MAZ	H2AFX	VIM	POP1	TERF1	RHO	CDS1	LAT	CFTR	VPS72	ATP2A2	SPTAN1	ENAH	KHDRBS1	LIPE	GTF3C1	IL16	MATR3	XRCC5	CIITA	CDC16	GAP43	JUN	SSTR3	EFTUD2	CHEK2	CHEK1	SMC1A	MAP1B	PRKAB1	CDC25A	PHKA1	EPN2	GYS1	XRCC4	ANAPC1	ITPR1	ANAPC5	EIF4B	ETV1	NASP	TP53	GNAZ	SAFB2	MEF2C	EIF4EBP1	CACNB2	INA	SYN1	FNBP1	RYR2	ATM	RFC1	PRKDC	STXBP1	RPS6	SLC4A1	FANCD2	ABL1	RAF1	MRE11A	MAGED2	CGN	ITGA2B	SMC3	RPS6KB1	BSN	CSNK1E	NBN	NFKB2	RIMS1	PPP1R12A	DAGLA	SRC	ACACA	DCX	THRAP3	ARVCF	HMGA1	TNKS1BP1	ARFGEF1	ARFGEF2	LASP1	GABRB1	GABRB2	RGS14	LRP1	F9	LSP1	IRS1	IRS2	ADRB2	RAD50	HSP90AA1	PRKD1	TUBGCP6	SVIL	MYF5	SAPS3	TCEB3	MAP4	SRF	SPTBN1	IDH3A	BCL2L11	SFRS8	MLLT4	PPL	KLF1	GFAP	SNAPIN	NR3C1	COPA	CLASP1	ANLN	ACAP2	TP53BP1	LMNA	PAPOLB	ACTN1	PPP1CB	E2F1	SRRM2	RPA2	SFRS16	MAPT
PRKG1	na	PLK1	CLMN	SF1	RPS3P2	MIP	RYR1	ARHGEF7	MAP3K7	PIK3CG	DLGAP2	DCX	CACNA1S	FGA	MRVI1	PLEC1	AURKB	KIAA1244	CREB1	KIAA0776	TRPC3	H2AFX	CCNY	C1QA	VIM	PDE5A	APC	PAK1	PAK2	NFATC1	DNM1	KIT	SEPT3	PRKG1	TTN	HRH1	GTF2I	PHKG1	INCENP	MAP1B	PLCB3	ABCA1	ITPR1	CBL	CFTR	SYN2	KRT19	CRIP2	NCF1	GABRR1	RAP1B	CD5	C7orf16	CGB	CAST	MARK1	RIMS2	PPP1R12A	LASP1	FHOD1	EIF2AK2	PFKFB1	ADRB2	SPP1	GKAP1	C14orf4	MAP4K4	CRYAB	CRYAA	LATS1	SPTBN1	GJB1	SFRS5	SON	RGS2	AURKC	TERT	GFAP	GNA13	ANXA1	MAPT	HSPB1	OSR1	VASP	SRRM1	SRRM2	SFRS7	BRAF	CHRND	PDPK1	ATF2
PRKG2	na	PLCB3	PRKG1	PRKG2	LASP1	VASP	PTS	CFTR
PTK2	na	ACTN1	PTK2	SH3GL1	TRIO	PXN	BMX	BCAR1	ATP2B4	WASL
PTK2B	na	PTK2B	PTK2	ASAP1	SNCA
PTK6	na	C9orf78	KHDRBS1	PXN	PTK6
PTP1B	na	SRC	INSR	PRKCD	PAK2	PDGFRB
PTPN11	na	SRC	PTK2	PDGFRB	(PTPN11)	GAB1	PTK2B
PTPN22	na	SRC	LCK	ZAP70
PTPRA	na	SRC	INSR	EGFR
PTPRJ	na	MET	RET	PDGFRB
RAF1	na	BAD	MAPK1	RAF1	MAP2K1
RET	na	PDK1	PTK2	STAT3	RET	MAPK14	AKT1	PLCG1	DOK1	PDPK1	MAPK1	MAPK8	MAPK9
ROCK1	na	PTK2	DPYSL2	ADD1	MYL12A	KCNH2	LIMK2	DAPK3	ARHGAP24	RDX	EZR	VIM	PTEN	MSN	MARCKS	MYL2	PPP1R12A	LIMK1	CASKIN1	DES	GFAP	CFTR
ROCK2	na	DES	DPYSL2	ADD1	LIMK2	LIMK1	RDX	EZR	IRS1	MSN	PPP1R12A	VIM	GFAP	PPP1R14A
RPS6KA1	na	ADD2	TLE3	STK11	CCNY	BAD	RPS3P2	SLC4A3	L1CAM	TSC2	EEF2K	CEBPB	SLC9A1	PPP1R3A	GMFB	PCTK1	NFKBIB	SIPA1L1	KDM2B	DAPK1	KIAA1715	NFKBIA	SRF	FOS	NR4A2	NR4A3	NR4A1	CREB1	MTOR	FAM53C	KIAA0776	ETV1	RPS6KA1	RPS6KA3	ESR2	ESR1	METTL1	LSP1	IRS1	GSK3B	PURG	FLNA
RPS6KA2	na	EEF2K	RPS6KA1	RPS6KA2	SRF	SLC9A1	FOS	STK11	GMFB	CREB1	GSK3B	BAD	L1CAM	FLNA	TSC2	DAPK1	ESR1
RPS6KA3	na	BPTF	SMARCC2	CIC	SMARCC1	ADD3	PRKAR1B	ADD1	STK11	SSFA2	NCF1	SF1	IFNAR2	JPH3	HIST3H3	FBP1	PAH	DAB1	KIF2C	PLIN1	EEF2K	TPX2	LBR	DLG4	UBN1	CYP2F1	RYR1	MAP3K3	RYR2	ARHGEF2	C11orf30	THRA	DLGAP2	DLGAP1	ADAM17	LIPE	CAPN1	SCN4A	GRIN1	CACNA1S	ZFP36	HES1	AURKA	WT1	AQP2	KIAA1244	PRPF4B	CAMK2G	PTH2R	CREB1	ZFP106	RRN3	ADRA1B	ABLIM1	SEC24B	GABRG2	MDM2	CTDP1	CASKIN1	BRD3	HMGN2	TJP2	TERT	GRIN2B	CCND1	CHRND	GSK3A	MYLK	KIF23	GSK3B	CTR9	PKP4	ARHGAP12	DAPK1	PTPN12	ACLY	KLC2	CHEK1	CFTR	PAK2	HIRIP3	NFATC2	EVL	C20orf30	ATP2A2	EPB49	CDKN1B	CDKN1A	MACF1	ITGA4	IRS1	PUM2	GTF3C1	MATR3	CRYBA2	AANAT	VIM	EIF5B	XPO1	SAP30	SLC9A1	MET	RDBP	RAF1	AHNAK	FOS	ADRB2	KRT18	VASP	SKIV2L	PCLO	LASP1	HTR2C	PPP1R3A	BCLAF1	PPP1R9B	TOP2B	PPP1R14A	ABCB1	INCENP	MAP1B	PLCB3	PRKAB1	CDC25A	PHKA1	MAP3K8	TRRAP	EPN2	GYS1	COBL	PFKM	SNPH	UBA1	ACO1	HIST1H2BM	ITPR1	PTPN7	EIF4B	ETV1	RPS6KA1	USP8	RPS6KA3	TP53	TAF2	HSF1	KCNH2	DNAJC5	SDC2	CDC23	MEF2C	CAMKK2	STMN1	MAP1S	PRDM2	MEF2D	ZNF295	FLNA	ATXN1	RBM7	FNBP1	CACNA1C	HDAC4	MAP2K1	FNBP4	HDAC7	GMFB	MAP1A	EIF2B5	RAP1B	SMAD2	PPP1R8	PRKAR2A	PRKAR2B	CTNND2	REL	IL1A	CDC2	PDE3B	TSC2	NES	PTGER4	BCAS1	TRIM28	PKLR	HMGN1	S1PR1	RRAD	MOCOS	BSN	SHANK2	PCTK1	IFI16	NBN	RBM15	PSMA5	GPHN	TCF20	RIMS2	MARK1	EPB41L1	SRC	EPB41L2	SRF	DLGAP4	RBL2	EPB42	CARHSP1	FOXO1	VTN	OPRM1	MTOR	ARFGEF2	HIST1H1D	GABRB1	GABRB2	PDS5B	PDC	LRBA	TCAP	MAP2	KIF1C	TNKS1BP1	ESR1	RIN1	LATS1	IRS2	LMO7	CDC2L5	SSTR3	ABCA1	PPIG	PDE4B	DCX	PRKD1	C14orf4	MAP4K1	SRRM2	CAMK1D	MYL9	HNF4A	SYNRG	CIT	CPEB1	RAP1GAP	PRKAA1	CRYAA	FOXO3	BAD	HAND1	SCN2A	FOXO4	SORBS1	PLEC1	SPTBN4	SPTBN1	YWHAZ	CEBPB	EBAG9	THRAP3	MAP3K11	DYNC1I1	PDE1B	SLC9A3R1	SPAG9	SFRS2	PHKB	PEA15	YWHAH	TNNI3	TH	NEDD4	YWHAB	ATXN7	TRA2B	CHRNG	PPP1R1A	NOS3	NFKBIA	MAPT	CNP	HSPB1	CD44	NOLC1	NR4A1	SLC24A2	WARS	RSF1	SMAD3	TPH1	NFATC4	AR	ATN1	CFL2	ATF4	PRKCQ	LCP2	TRIP12	ITSN1	SASH3	SASH1	EXOC2	DCLK1	E2F1	TBC1D4	SRRM1	PFKFB2	CASP9	LMNA	SFRS16	ANK2	SFRS7	FUSIP1	BRAF	GRIN2D	PNN	FOXL2	PPP3CA	WIPF1	SYN1	DDX23	SFRS18
RPS6KA4	na	RPS6KA4	ATF1	HMGN1	CREB1
RPS6KA5	na	ETV1	NR4A1	STAT3	RPS6KA5	STAT1	PLA2G4A	STK11	CREB1	HIST1H2AM	BAD	EIF4EBP1	HIST3H2A	TH	RELA	HIST3H3	ATF1	C9orf78	HMGN1
RPS6KB1	na	EEF2K	RPS6KA1	RPS6KA2	RPS6KA3	DAGLA	POLDIP3	STK11	RPS6KB1	ZNF509	RPS6	MTOR	MAPT	FADD	CAMK2D	PDPK1	EIF4B
RPS6KB2	na	EEF2K	RPS6	KRT18	LMNB1	HSPB1
SDK1	na	YWHAB	YWHAZ	YWHAH
SGK1	na	LBR	RRAD	PRPF4B	EBAG9	CRYAA	FOXO3	FOXO1	PPP1R8	MATR3	FOXO4	NDRG1	NDRG2	EIF5B	RREB1	PPP1R1B	MAP3K3	AHNAK	TBC1D4	SCN2A	MAP3K5	PCTK1	BSN	DLGAP1	PCLO	MARK1	DLGAP4	CRYBA2	TNNI2	GFAP	PLEC1	FANCA	CD44	WNK1	WNK4	GRLF1	TNKS1BP1	CREB1	GRM5	HIST1H2BM	VASP	CARHSP1	KCNJ1	SRRM1	TCF20	GSK3A	CCNY	KIF23	GSK3B	NEDD4L	HTT	BRAF	MAPT	DNAJC5	ZNF295	C9orf78	SLC1A3
SGK2	na	KCNJ1	MAP3K3	CREB1	GSK3B	FOXO3	NEDD4L	FOXO1	HTT	BRAF	NDRG2
SGK3	na	KCNJ1	MAP3K3	GSK3A	CREB1	GSK3B	FOXO3	NEDD4L	FOXO1	HTT	BRAF	NDRG2
SRC	na	TGM2	FHIT	CD33	IKBKB	AKT1	PTK2B	ARAF	RAPGEF1	DAB1	CAV2	GSN	JUP	GNB2L1	STAP2	TRPV4	LYN	CDH2	CDH5	PXN	IGF1R	SHC1	CAV1	MUC1	LRP1	ABLIM1	ATP2B4	SYK	GRB10	MYLK	KIT	GRB2	ARHGAP12	TRIP6	TRIP4	PAK2	CSF2RB	ANXA1	DAPP1	SH3BP2	EMB	HLA-B	HLA-A	NFKBIA	GAB2	RRAS	NOS3	DNM1	CLTC	ADRBK1	MET	RAF1	HINT1	CEACAM1	TKT	PVRL2	JAK2	PIK3R1	BMX	GTF2I	EPHB2	MAP1B	EFS	GRLF1	DAG1	BCAR1	PTPN6	GJA1	RPS6KA3	ESR1	DDR2	VAV2	CBL	GIT1	SNCA	LCK	BTK	FNBP1	VIL1	RET	NTRK1	SPRY2	CTTN	CTNND1	ARRB1	ABL1	CDC2	SH3GL1	KCNA3	CD79A	NAPG	STAT3	STAT1	MPZL1	RPS6KB1	RPS6KB2	HNRNPK	CDKN1B	CDCP1	SRC	ENO1	CHRNA7	FER	KCNB1	RGS16	BDKRB2	PIP5K1C	PKD1	PLSCR1	ADAM12	STAT5B	STAT5A	CDK4	WWOX	PRKD1	CDC42	PTK2	EGFR	AIP	CTNNB1	PLCG2	PLCG1	ADAM15	AFAP1	GRIN2B	TXK	WASF1	INPPL1	FYN	GAST	DOK2	ZAP70	TERT	PRKCI	ITGB3	ANXA2	VCL	PRKCD	CUGBP2	SPTAN1	PDCD6IP	EZR	PDK1	GRIN2A	PTPRA	PDPK1
STK10	na	PLK1	ADRB2	STK10
STK11	na	MARK4	SIK1	BRSK2	BRSK1	SIK2	QSK	NUAK1	SNRK	STK11	PRKAA2	PRKAA1	STRADA	PTEN	MELK	MARK1	MARK2	MARK3	BRPS6KA1	STK10	BRPS6KA3	NUAK2
STK3	na	STK3	STK24	STK38L
SYK	na	MAP4K1	EMB	PLCG1	SLC4A1	SH3BP2	TUBA4A	TYROBP	TUBA1A	HCLS1	DUSP3	BLNK	ITGB3	SHC1	PRKCA	PRKCB	FCGR2C	FCGR2A	LCP2	SYK	PTK2B	CBL	SNCA	LAT	IL15RA	LCK	BTK
TBK1	na	IRF3	RELA	NFKBIA
TEC	na	PTPN18	ITK	EMB	TEC	TEK	BDP1	BMX	BTK
TGFBR2	na	TGFBR2	TGFBR1	ADRB2
TRPM7	na	ANXA1	MYH9	TRPM7
TTK	na	TTK	CDS1	CHEK2
TXK	na	CTLA4	TXK	LCP2
TYK2	na	IL13RA1	STAT2	STAT1	GNB2L1	STAT5B	IFNAR1	TYK2	IL10RA
UHMK1	na	CDKN1B	MBP	PAM	SYN1
VRK1	na	HIST1H3J	JUN	TP53	ATF2
WEE1	na	WEE1	CDK2	CDC2
WNK1	na	SYT2	WNK1	OSR1	WNK4	OXSR1	STK39
YES1	na	CDKN1B	CD46	YES1	CBL
ZAP70	na	DBNL	SHC1	MUC1	GAB2	MAPK14	ZAP70	LAT	LCP2	DUSP3	SH2B3
